Model,Release_date,Max_resolution,Low_resolution,Effective_pixels,Zoom_wide_W,Zoom_tele_T,Normal_focus_range,Macro_focus_range,Storage_included,Weight_inc._batteries,Dimensions,Price
1,1997,1024.0,640.0,0.0,38.0,114.0,70.0,40.0,4.0,420.0,95.0,179.0
2,1998,1280.0,640.0,1.0,38.0,114.0,50.0,0.0,4.0,420.0,158.0,179.0
3,2000,640.0,0.0,0.0,45.0,45.0,0.0,0.0,2.0,0.0,0.0,179.0
4,1999,1152.0,640.0,0.0,35.0,35.0,0.0,0.0,4.0,0.0,0.0,269.0
5,1999,1152.0,640.0,0.0,43.0,43.0,50.0,0.0,40.0,300.0,128.0,1299.0
6,2001,1600.0,640.0,1.0,51.0,51.0,50.0,20.0,8.0,270.0,119.0,179.0
7,1999,1280.0,640.0,1.0,34.0,102.0,0.0,0.0,8.0,0.0,0.0,179.0
8,1997,640.0,0.0,0.0,42.0,42.0,70.0,3.0,2.0,320.0,93.0,149.0
9,1996,832.0,640.0,0.0,50.0,50.0,40.0,10.0,1.0,460.0,160.0,139.0
10,2001,1280.0,1024.0,1.0,35.0,105.0,76.0,16.0,8.0,375.0,110.0,139.0
11,2002,1280.0,1024.0,1.0,39.0,39.0,20.0,5.0,8.0,225.0,110.0,139.0
12,2001,1600.0,1024.0,1.0,35.0,105.0,76.0,16.0,8.0,375.0,110.0,139.0
13,2002,1600.0,1024.0,1.0,39.0,39.0,20.0,5.0,8.0,225.0,110.0,139.0
14,2002,1280.0,1024.0,1.0,35.0,105.0,76.0,16.0,8.0,350.0,110.0,139.0
15,2003,2048.0,1600.0,3.0,33.0,33.0,20.0,5.0,32.0,225.0,111.0,139.0
16,2004,2048.0,1600.0,3.0,33.0,33.0,0.0,5.0,0.0,205.0,110.0,139.0
17,2002,1600.0,1024.0,1.0,35.0,105.0,76.0,16.0,8.0,350.0,110.0,139.0
18,2004,2048.0,1600.0,3.0,45.0,100.0,0.0,5.0,16.0,255.0,107.0,139.0
19,2005,2048.0,1600.0,3.0,41.0,131.0,0.0,1.0,16.0,195.0,103.0,139.0
20,2006,2272.0,1600.0,4.0,39.0,125.0,47.0,1.0,16.0,200.0,103.0,139.0
21,2006,2272.0,1600.0,4.0,39.0,156.0,47.0,1.0,16.0,210.0,103.0,139.0
22,2007,2592.0,2048.0,5.0,38.0,122.0,47.0,1.0,16.0,215.0,106.0,139.0
23,2007,2592.0,2048.0,5.0,38.0,152.0,47.0,1.0,16.0,215.0,106.0,139.0
24,1998,1024.0,512.0,0.0,35.0,35.0,50.0,9.0,8.0,240.0,105.0,149.0
25,1999,1280.0,640.0,1.0,28.0,70.0,50.0,17.0,8.0,290.0,103.0,149.0
26,2005,2048.0,1600.0,3.0,35.0,140.0,0.0,5.0,16.0,230.0,91.0,139.0
27,2005,2272.0,1600.0,3.0,35.0,140.0,0.0,5.0,16.0,230.0,91.0,149.0
28,2006,2592.0,2048.0,5.0,35.0,140.0,45.0,5.0,16.0,220.0,90.0,149.0
29,2006,2816.0,2272.0,6.0,35.0,140.0,45.0,5.0,16.0,230.0,90.0,149.0
30,2007,3072.0,2592.0,7.0,35.0,140.0,45.0,5.0,16.0,210.0,91.0,149.0
31,2007,3072.0,2592.0,7.0,35.0,140.0,45.0,5.0,16.0,205.0,91.0,149.0
32,2007,3072.0,2592.0,7.0,35.0,140.0,45.0,5.0,16.0,215.0,90.0,149.0
33,1999,1024.0,512.0,0.0,28.0,70.0,50.0,17.0,8.0,290.0,103.0,149.0
34,2003,1600.0,1024.0,1.0,35.0,105.0,46.0,5.0,16.0,315.0,101.0,139.0
35,2005,2592.0,2592.0,5.0,35.0,140.0,0.0,1.0,16.0,285.0,105.0,139.0
36,2005,3072.0,3072.0,7.0,35.0,140.0,0.0,1.0,32.0,285.0,105.0,139.0
37,2006,3264.0,2592.0,8.0,35.0,140.0,0.0,1.0,16.0,315.0,109.0,139.0
38,2006,3648.0,2816.0,10.0,35.0,140.0,0.0,1.0,32.0,315.0,109.0,139.0
39,2007,4000.0,3264.0,12.0,35.0,210.0,0.0,1.0,32.0,300.0,97.0,399.0
40,2003,2048.0,1600.0,3.0,35.0,105.0,46.0,5.0,16.0,315.0,101.0,139.0
41,2006,2816.0,2272.0,6.0,35.0,210.0,55.0,1.0,16.0,250.0,94.0,139.0
42,2006,3072.0,2592.0,7.0,35.0,210.0,55.0,1.0,16.0,210.0,98.0,139.0
43,2007,3264.0,2592.0,8.0,35.0,210.0,55.0,1.0,16.0,250.0,97.0,399.0
44,2004,2048.0,1600.0,3.0,35.0,105.0,46.0,5.0,32.0,315.0,101.0,139.0
45,2003,2272.0,1600.0,3.0,38.0,114.0,46.0,5.0,32.0,350.0,103.0,139.0
46,2004,2272.0,1600.0,4.0,35.0,105.0,0.0,5.0,32.0,300.0,101.0,139.0
47,2004,2592.0,2048.0,5.0,38.0,114.0,45.0,5.0,32.0,335.0,101.0,139.0
48,2003,3072.0,2048.0,6.0,0.0,0.0,0.0,0.0,0.0,875.0,150.0,1299.0
49,2001,2464.0,1232.0,4.0,0.0,0.0,0.0,0.0,0.0,1585.0,156.0,4499.0
50,2004,3504.0,3104.0,8.0,0.0,0.0,0.0,0.0,0.0,1565.0,156.0,4499.0
51,2007,3888.0,3456.0,10.0,0.0,0.0,0.0,0.0,0.0,1335.0,156.0,4499.0
52,2005,3504.0,3104.0,8.0,0.0,0.0,0.0,0.0,0.0,1565.0,156.0,4499.0
53,2002,4064.0,2032.0,11.0,0.0,0.0,0.0,0.0,0.0,1585.0,156.0,7999.0
54,2004,4992.0,3600.0,16.0,0.0,0.0,0.0,0.0,0.0,1565.0,156.0,7999.0
55,2007,5616.0,4992.0,21.0,0.0,0.0,0.0,0.0,0.0,1385.0,150.0,7999.0
56,2004,3504.0,2544.0,8.0,0.0,0.0,0.0,0.0,0.0,770.0,144.0,1299.0
57,2005,3504.0,2544.0,8.0,0.0,0.0,0.0,0.0,0.0,770.0,144.0,1299.0
58,2003,3072.0,2048.0,6.0,0.0,0.0,0.0,0.0,0.0,645.0,142.0,1299.0
59,2006,3504.0,2544.0,8.0,0.0,0.0,0.0,0.0,0.0,784.0,144.0,1299.0
60,2005,3456.0,2496.0,8.0,0.0,0.0,0.0,0.0,0.0,540.0,127.0,1299.0
61,2006,3888.0,2816.0,10.0,0.0,0.0,0.0,0.0,0.0,556.0,127.0,1299.0
62,2007,3888.0,2816.0,10.0,0.0,0.0,0.0,0.0,0.0,822.0,146.0,1299.0
63,2005,4368.0,3168.0,12.0,0.0,0.0,0.0,0.0,0.0,895.0,152.0,2499.0
64,2000,2160.0,1440.0,3.0,0.0,0.0,0.0,0.0,16.0,855.0,150.0,549.0
65,2002,3072.0,2048.0,6.0,0.0,0.0,0.0,0.0,16.0,855.0,150.0,549.0
66,2000,2048.0,1024.0,3.0,34.0,102.0,70.0,6.0,16.0,490.0,120.0,499.0
67,2001,2272.0,1600.0,3.0,34.0,102.0,70.0,6.0,32.0,510.0,121.0,499.0
68,2002,2272.0,1600.0,3.0,35.0,140.0,50.0,5.0,32.0,490.0,121.0,499.0
69,2003,2592.0,1600.0,5.0,35.0,140.0,50.0,5.0,32.0,490.0,121.0,149.0
70,2004,3072.0,2592.0,7.0,35.0,140.0,50.0,5.0,32.0,467.0,105.0,499.0
71,2006,3648.0,2816.0,10.0,35.0,210.0,50.0,1.0,32.0,380.0,106.0,499.0
72,2007,4000.0,3264.0,12.0,35.0,210.0,50.0,1.0,32.0,370.0,106.0,499.0
73,2004,3264.0,2272.0,8.0,28.0,200.0,50.0,3.0,64.0,640.0,118.0,139.0
74,1998,1536.0,768.0,1.0,28.0,70.0,32.0,12.0,8.0,800.0,148.0,199.0
75,2001,1856.0,1024.0,2.0,37.0,370.0,10.0,10.0,16.0,680.0,127.0,384.0
76,1999,1600.0,1280.0,1.0,35.0,70.0,46.0,12.0,8.0,320.0,106.0,399.0
77,2000,1600.0,640.0,1.0,35.0,70.0,57.0,10.0,8.0,250.0,87.0,199.0
78,2001,1600.0,1024.0,1.0,35.0,70.0,57.0,10.0,8.0,250.0,87.0,199.0
79,2004,2048.0,1600.0,3.0,38.0,380.0,10.0,10.0,32.0,469.0,111.0,399.0
80,2000,2048.0,1024.0,3.0,32.0,64.0,66.0,12.0,16.0,320.0,106.0,399.0
81,2002,1600.0,1024.0,1.0,35.0,70.0,57.0,10.0,8.0,250.0,87.0,199.0
82,2002,2048.0,1600.0,3.0,35.0,70.0,47.0,10.0,16.0,250.0,87.0,199.0
83,2005,2592.0,2048.0,5.0,36.0,432.0,50.0,10.0,16.0,505.0,113.0,399.0
84,2001,2048.0,1600.0,3.0,35.0,105.0,80.0,10.0,16.0,323.0,112.0,399.0
85,2001,1600.0,1024.0,1.0,35.0,105.0,76.0,16.0,8.0,270.0,95.0,199.0
86,2002,1600.0,1024.0,1.0,35.0,105.0,76.0,16.0,8.0,274.0,95.0,199.0
87,2006,2816.0,2272.0,6.0,36.0,432.0,50.0,10.0,16.0,510.0,113.0,399.0
88,2001,2272.0,1600.0,3.0,35.0,105.0,80.0,10.0,16.0,323.0,112.0,139.0
89,2003,2272.0,1600.0,3.0,36.0,108.0,46.0,5.0,32.0,230.0,87.0,139.0
90,2004,2272.0,1600.0,3.0,36.0,108.0,0.0,5.0,32.0,215.0,87.0,139.0
91,2002,2272.0,1600.0,3.0,35.0,105.0,50.0,10.0,32.0,323.0,112.0,139.0
92,2003,2592.0,1600.0,5.0,35.0,105.0,50.0,10.0,32.0,323.0,112.0,399.0
93,2004,2592.0,2048.0,5.0,36.0,108.0,0.0,5.0,32.0,215.0,87.0,149.0
94,2007,3264.0,2272.0,8.0,36.0,432.0,50.0,10.0,32.0,550.0,117.0,399.0
95,2004,2592.0,1600.0,5.0,28.0,100.0,50.0,4.0,32.0,300.0,114.0,399.0
96,2004,3072.0,2592.0,7.0,28.0,100.0,50.0,4.0,32.0,300.0,114.0,399.0
97,2005,3264.0,2592.0,8.0,28.0,100.0,50.0,4.0,32.0,290.0,104.0,399.0
98,2003,2272.0,1600.0,3.0,38.0,38.0,0.0,3.0,32.0,140.0,90.0,199.0
99,2003,2048.0,1600.0,3.0,35.0,70.0,47.0,10.0,16.0,185.0,85.0,199.0
100,2007,3072.0,2592.0,7.0,35.0,105.0,0.0,5.0,32.0,175.0,86.0,199.0
101,2004,2048.0,1600.0,3.0,35.0,70.0,0.0,10.0,16.0,195.0,85.0,199.0
102,2004,2592.0,2048.0,5.0,39.0,39.0,0.0,3.0,32.0,140.0,90.0,199.0
103,2004,2048.0,1600.0,3.0,35.0,105.0,0.0,3.0,16.0,135.0,86.0,199.0
104,2005,2592.0,2048.0,5.0,38.0,90.0,0.0,10.0,16.0,120.0,96.0,199.0
105,2004,2272.0,1600.0,3.0,35.0,105.0,0.0,3.0,16.0,147.0,86.0,199.0
106,2006,3072.0,2592.0,7.0,38.0,90.0,0.0,10.0,16.0,120.0,96.0,199.0
107,2005,2592.0,2048.0,5.0,35.0,105.0,0.0,3.0,16.0,150.0,86.0,199.0
108,2005,2592.0,2048.0,5.0,35.0,105.0,0.0,3.0,16.0,185.0,99.0,199.0
109,2005,2592.0,2048.0,5.0,35.0,105.0,0.0,3.0,16.0,155.0,86.0,199.0
110,2005,3072.0,2592.0,7.0,37.0,111.0,0.0,5.0,32.0,200.0,90.0,199.0
111,2005,3072.0,2592.0,7.0,37.0,111.0,0.0,5.0,32.0,185.0,90.0,199.0
112,2006,2816.0,2272.0,6.0,35.0,105.0,30.0,3.0,16.0,170.0,86.0,199.0
113,2006,2816.0,2272.0,6.0,35.0,105.0,30.0,3.0,16.0,175.0,90.0,199.0
114,2006,2816.0,2272.0,6.0,35.0,140.0,45.0,2.0,16.0,195.0,90.0,384.0
115,2007,3072.0,2592.0,7.0,35.0,105.0,0.0,5.0,32.0,170.0,92.0,384.0
116,2006,3072.0,2592.0,7.0,28.0,105.0,0.0,3.0,16.0,195.0,90.0,384.0
117,2007,3264.0,2272.0,8.0,35.0,140.0,45.0,2.0,32.0,195.0,90.0,384.0
118,2007,3264.0,2592.0,8.0,28.0,105.0,45.0,2.0,32.0,165.0,93.0,384.0
119,2006,3648.0,2816.0,10.0,37.0,111.0,0.0,5.0,32.0,205.0,91.0,199.0
120,2007,4000.0,3264.0,12.0,36.0,133.0,50.0,5.0,32.0,205.0,96.0,384.0
121,2007,3264.0,2592.0,8.0,36.0,360.0,50.0,1.0,32.0,316.0,109.0,299.0
122,2007,3072.0,2592.0,7.0,39.0,390.0,50.0,10.0,0.0,260.0,89.0,139.0
123,2005,2560.0,2048.0,4.0,38.0,190.0,40.0,1.0,7.0,275.0,99.0,249.0
124,2004,2816.0,2048.0,5.0,33.0,132.0,40.0,10.0,9.0,275.0,98.0,249.0
125,2004,3072.0,2304.0,7.0,33.0,132.0,40.0,10.0,9.0,275.0,98.0,249.0
126,2004,2048.0,1600.0,3.0,36.0,102.0,40.0,17.0,9.0,123.0,88.0,249.0
127,2003,1600.0,1280.0,1.0,35.0,35.0,80.0,30.0,10.0,100.0,83.0,249.0
128,2003,2048.0,1600.0,3.0,35.0,35.0,80.0,80.0,10.0,110.0,90.0,249.0
129,2005,2560.0,2304.0,4.0,38.0,114.0,40.0,17.0,8.0,125.0,90.0,249.0
130,2005,2816.0,2304.0,6.0,38.0,114.0,40.0,15.0,8.0,155.0,90.0,249.0
131,2006,2816.0,2304.0,6.0,38.0,114.0,40.0,15.0,8.0,155.0,90.0,249.0
132,2007,3264.0,2816.0,8.0,38.0,114.0,50.0,15.0,10.0,138.0,94.5,249.0
133,2007,3072.0,2560.0,7.0,38.0,266.0,30.0,10.0,11.0,190.0,96.0,299.0
134,2007,3264.0,2816.0,8.0,38.0,266.0,40.0,10.0,11.0,199.0,96.0,299.0
135,2005,2560.0,2304.0,5.0,35.0,114.0,40.0,6.0,8.0,154.0,90.0,329.0
136,2006,3648.0,2560.0,10.0,38.0,114.0,40.0,6.0,8.0,185.0,92.0,329.0
137,2007,3648.0,2560.0,10.0,38.0,114.0,40.0,10.0,15.0,165.0,91.0,329.0
138,2007,3648.0,2560.0,10.0,38.0,114.0,40.0,10.0,11.0,165.0,91.0,329.0
139,2005,2816.0,2304.0,6.0,35.0,114.0,40.0,6.0,8.0,151.0,90.0,329.0
140,2005,3072.0,2560.0,7.0,38.0,114.0,50.0,10.0,8.0,154.0,90.0,329.0
141,2007,4000.0,3264.0,12.0,37.0,111.0,40.0,6.0,11.0,162.0,93.0,329.0
142,2003,2048.0,1600.0,3.0,35.0,105.0,40.0,6.0,16.0,170.0,87.0,329.0
143,2004,2048.0,1600.0,3.0,35.0,105.0,40.0,6.0,9.0,150.0,87.0,329.0
144,2003,2304.0,1600.0,4.0,35.0,105.0,40.0,6.0,16.0,170.0,87.0,329.0
145,2004,2304.0,1600.0,4.0,35.0,105.0,40.0,6.0,9.0,150.0,87.0,329.0
146,2006,2560.0,2304.0,4.0,38.0,114.0,40.0,10.0,8.0,160.0,95.0,329.0
147,2004,2560.0,2048.0,5.0,35.0,105.0,50.0,6.0,9.0,171.0,87.0,329.0
148,2005,2560.0,2304.0,5.0,38.0,114.0,40.0,17.0,8.0,127.0,89.0,329.0
149,2004,2560.0,2048.0,5.0,35.0,105.0,50.0,6.0,9.0,180.0,87.0,329.0
150,2005,2560.0,2048.0,4.0,35.0,105.0,40.0,6.0,9.0,175.0,89.0,199.0
151,2006,2816.0,2304.0,6.0,38.0,114.0,40.0,10.0,8.0,148.0,95.0,329.0
152,2006,3072.0,2560.0,7.0,38.0,114.0,40.0,10.0,8.0,140.0,95.0,199.0
153,2006,3072.0,2560.0,7.0,38.0,114.0,40.0,15.0,8.0,154.0,89.0,329.0
154,2007,3072.0,2560.0,7.0,38.0,114.0,40.0,10.0,8.0,156.0,95.0,199.0
155,2005,3072.0,2304.0,7.0,38.0,114.0,40.0,10.0,9.0,165.0,89.0,329.0
156,2007,3072.0,2560.0,7.0,38.0,114.0,40.0,10.0,11.0,128.0,95.0,199.0
157,2006,3072.0,2560.0,7.0,38.0,114.0,40.0,15.0,6.0,176.0,95.0,249.0
158,2006,3264.0,2816.0,8.0,38.0,114.0,40.0,10.0,8.0,185.0,89.0,249.0
159,2001,1280.0,640.0,1.0,35.0,35.0,60.0,10.0,8.0,320.0,101.0,249.0
160,2002,1600.0,800.0,1.0,35.0,35.0,60.0,10.0,8.0,320.0,101.0,249.0
161,1999,1600.0,800.0,1.0,36.0,108.0,50.0,20.0,8.0,320.0,130.0,249.0
162,2001,1600.0,800.0,1.0,41.0,41.0,80.0,20.0,16.0,260.0,108.0,249.0
163,2000,1600.0,800.0,1.0,41.0,123.0,10.0,1.0,8.0,245.0,67.0,249.0
164,2001,1600.0,800.0,1.0,41.0,123.0,10.0,1.0,8.0,245.0,67.0,249.0
165,2000,1600.0,800.0,1.0,40.0,320.0,40.0,1.0,8.0,295.0,81.0,249.0
166,2001,1600.0,800.0,1.0,40.0,320.0,40.0,1.0,8.0,295.0,81.0,249.0
167,2000,2048.0,1024.0,3.0,41.0,41.0,50.0,10.0,16.0,245.0,115.0,249.0
168,1996,640.0,320.0,0.0,47.0,106.0,60.0,9.0,4.0,290.0,162.0,249.0
169,2000,2048.0,1024.0,3.0,33.0,100.0,30.0,6.0,16.0,360.0,134.0,249.0
170,2001,2048.0,1024.0,3.0,33.0,100.0,30.0,6.0,16.0,360.0,134.0,249.0
171,2001,2240.0,1600.0,3.0,34.0,102.0,30.0,6.0,16.0,420.0,118.0,249.0
172,1998,1280.0,640.0,1.0,35.0,35.0,30.0,10.0,8.0,320.0,147.0,249.0
173,1999,1280.0,640.0,1.0,36.0,36.0,30.0,10.0,8.0,320.0,131.0,249.0
174,2002,2560.0,1600.0,4.0,34.0,102.0,30.0,6.0,16.0,420.0,118.0,249.0
175,1997,640.0,0.0,0.0,38.0,38.0,70.0,14.0,4.0,290.0,147.0,249.0
176,1998,1280.0,640.0,1.0,32.0,64.0,23.0,10.0,8.0,320.0,141.0,249.0
177,1998,640.0,0.0,0.0,38.0,38.0,70.0,14.0,4.0,300.0,129.0,249.0
178,1999,1280.0,640.0,1.0,40.0,320.0,40.0,1.0,8.0,320.0,141.0,249.0
179,2002,2048.0,1600.0,3.0,38.0,113.0,40.0,14.0,11.0,240.0,90.0,249.0
180,2002,2304.0,2240.0,4.0,38.0,113.0,40.0,14.0,11.0,240.0,90.0,249.0
181,2003,2304.0,2240.0,4.0,39.0,117.0,60.0,10.0,11.0,210.0,88.0,249.0
182,2004,2304.0,2240.0,3.0,39.0,117.0,60.0,10.0,9.0,198.0,88.0,249.0
183,2004,2560.0,2048.0,4.0,39.0,117.0,60.0,10.0,9.0,210.0,88.0,249.0
184,2004,2816.0,2048.0,6.0,39.0,117.0,70.0,10.0,9.0,218.0,88.0,249.0
185,2004,2816.0,2048.0,6.0,39.0,117.0,70.0,10.0,9.0,218.0,88.0,249.0
186,2000,3040.0,0.0,6.0,0.0,0.0,0.0,0.0,0.0,0.0,152.0,549.0
187,2002,2560.0,1600.0,4.0,35.0,105.0,60.0,15.0,0.0,260.0,112.0,549.0
188,1999,1600.0,640.0,1.0,38.0,38.0,50.0,15.0,8.0,280.0,113.0,229.0
189,1999,1600.0,640.0,1.0,35.0,105.0,0.0,0.0,0.0,0.0,0.0,229.0
190,2004,2560.0,1600.0,4.0,34.0,102.0,50.0,5.0,16.0,200.0,92.0,159.0
191,2000,2048.0,640.0,3.0,34.0,102.0,50.0,5.0,16.0,360.0,107.0,399.0
192,2001,2048.0,1600.0,3.0,34.0,102.0,50.0,5.0,16.0,360.0,107.0,399.0
193,1997,640.0,320.0,0.0,43.0,43.0,60.0,20.0,2.0,320.0,142.0,229.0
194,1997,640.0,320.0,0.0,43.0,43.0,60.0,10.0,1.0,170.0,107.0,229.0
195,1997,1024.0,640.0,0.0,36.0,36.0,50.0,20.0,4.0,270.0,143.0,229.0
196,1999,1152.0,640.0,0.0,39.0,39.0,60.0,15.0,8.0,400.0,135.0,229.0
197,1998,1280.0,640.0,1.0,35.0,35.0,50.0,10.0,4.0,0.0,0.0,229.0
198,1998,1280.0,640.0,1.0,34.0,102.0,80.0,20.0,8.0,0.0,0.0,229.0
199,2003,2048.0,1600.0,3.0,34.0,102.0,50.0,11.0,16.0,285.0,105.0,399.0
200,2003,2304.0,1600.0,4.0,34.0,102.0,50.0,11.0,16.0,285.0,105.0,129.0
201,2004,2304.0,1600.0,4.0,34.0,102.0,50.0,11.0,16.0,203.0,92.0,129.0
202,2004,3008.0,2240.0,6.0,0.0,0.0,0.0,0.0,0.0,620.0,142.0,4499.0
203,2000,2400.0,1280.0,2.0,36.0,36.0,50.0,6.0,64.0,200.0,85.5,169.0
204,2001,2400.0,1600.0,2.0,36.0,36.0,50.0,6.0,64.0,200.0,85.5,169.0
205,1999,1280.0,640.0,1.0,35.0,105.0,90.0,25.0,4.0,700.0,100.0,169.0
206,1997,1280.0,640.0,1.0,35.0,105.0,20.0,20.0,0.0,700.0,153.0,169.0
207,2000,1280.0,640.0,1.0,38.0,38.0,80.0,8.0,8.0,240.0,110.0,169.0
208,2001,1600.0,1280.0,1.0,36.0,36.0,80.0,8.0,8.0,240.0,110.0,169.0
209,2000,1600.0,1280.0,1.0,38.0,114.0,80.0,10.0,8.0,290.0,125.0,169.0
210,2001,1600.0,1280.0,1.0,38.0,114.0,80.0,10.0,16.0,260.0,99.0,169.0
211,2002,1600.0,1280.0,1.0,38.0,114.0,80.0,8.0,16.0,235.0,100.0,169.0
212,2001,1600.0,1280.0,1.0,38.0,228.0,80.0,10.0,16.0,360.0,95.0,169.0
213,2001,1600.0,1280.0,1.0,38.0,38.0,60.0,8.0,16.0,200.0,85.0,199.0
214,2002,2048.0,1600.0,3.0,38.0,228.0,80.0,10.0,16.0,400.0,100.0,399.0
215,2001,2400.0,1600.0,2.0,36.0,108.0,60.0,20.0,16.0,280.0,80.0,169.0
216,2000,2400.0,1600.0,2.0,35.0,210.0,50.0,10.0,16.0,450.0,110.0,169.0
217,2001,2832.0,2048.0,3.0,36.0,108.0,60.0,20.0,16.0,280.0,80.0,169.0
218,2001,2832.0,2048.0,3.0,35.0,210.0,50.0,10.0,16.0,450.0,110.0,169.0
219,2001,1280.0,640.0,1.0,36.0,36.0,80.0,8.0,8.0,190.0,99.0,169.0
220,2004,2016.0,1600.0,3.0,38.0,38.0,80.0,9.0,16.0,170.0,102.0,169.0
221,2002,1600.0,1280.0,1.0,36.0,36.0,80.0,8.0,16.0,180.0,99.0,169.0
222,2001,1600.0,1280.0,1.0,36.0,36.0,80.0,8.0,16.0,190.0,99.0,169.0
223,2002,1600.0,1280.0,1.0,38.0,114.0,60.0,10.0,16.0,180.0,97.0,169.0
224,2003,1600.0,1280.0,1.0,36.0,108.0,80.0,10.0,16.0,225.0,99.0,169.0
225,2003,2048.0,1600.0,3.0,36.0,108.0,80.0,10.0,16.0,225.0,99.0,169.0
226,2002,2048.0,1600.0,3.0,38.0,114.0,60.0,10.0,16.0,180.0,97.0,169.0
227,2003,2816.0,2048.0,3.0,38.0,114.0,60.0,10.0,16.0,190.0,97.0,169.0
228,2004,2016.0,1600.0,3.0,38.0,114.0,60.0,10.0,16.0,160.0,104.0,169.0
229,2004,2272.0,1600.0,4.0,38.0,114.0,60.0,10.0,16.0,160.0,104.0,169.0
230,2005,2304.0,2048.0,4.0,35.0,105.0,60.0,6.0,16.0,192.0,90.0,169.0
231,2005,2592.0,2048.0,5.0,35.0,105.0,60.0,6.0,16.0,192.0,90.0,169.0
232,2006,2303.0,1600.0,4.0,38.0,114.0,60.0,10.0,12.0,170.0,93.0,169.0
233,2006,2592.0,2048.0,5.0,38.0,114.0,60.0,10.0,12.0,170.0,93.0,169.0
234,2006,2848.0,2048.0,6.0,36.0,108.0,50.0,10.0,12.0,195.0,93.0,169.0
235,2007,2848.0,2048.0,6.0,39.0,117.0,60.0,10.0,10.0,195.0,98.0,169.0
236,2007,3296.0,2304.0,8.0,36.0,108.0,50.0,10.0,10.0,200.0,98.0,169.0
237,2007,3296.0,2304.0,8.0,39.0,156.0,60.0,10.0,10.0,205.0,98.0,169.0
238,2007,3488.0,2048.0,9.0,39.0,156.0,60.0,10.0,10.0,205.0,98.0,169.0
239,2007,3488.0,2592.0,9.0,39.0,156.0,60.0,10.0,10.0,206.0,98.0,169.0
240,2004,2304.0,1600.0,4.0,28.0,91.0,60.0,6.0,16.0,226.0,101.0,169.0
241,2004,2592.0,2048.0,5.0,28.0,91.0,60.0,2.0,16.0,226.0,101.0,169.0
242,2004,4048.0,2048.0,6.0,32.0,130.0,60.0,7.0,16.0,260.0,105.0,169.0
243,2005,3488.0,2592.0,9.0,32.0,128.0,60.0,7.0,16.0,260.0,102.0,169.0
244,2005,2848.0,2048.0,6.0,36.0,108.0,60.0,8.0,16.0,190.0,92.0,179.0
245,2005,2848.0,2048.0,6.0,36.0,108.0,60.0,5.0,16.0,190.0,92.0,199.0
246,2006,2848.0,2048.0,6.0,36.0,108.0,60.0,5.0,10.0,190.0,94.0,169.0
247,2006,2848.0,2048.0,6.0,36.0,108.0,60.0,5.0,10.0,185.0,93.0,169.0
248,2006,2848.0,2048.0,6.0,36.0,108.0,60.0,5.0,26.0,185.0,93.0,199.0
249,2002,2304.0,1600.0,2.0,38.0,114.0,60.0,10.0,16.0,200.0,85.0,169.0
250,2002,2304.0,1600.0,2.0,39.0,39.0,50.0,6.0,16.0,145.0,77.0,199.0
251,2007,3296.0,2304.0,8.0,36.0,108.0,45.0,7.0,25.0,181.0,96.0,199.0
252,2003,2816.0,2048.0,3.0,38.0,114.0,60.0,10.0,16.0,205.0,85.0,169.0
253,2003,2816.0,2048.0,3.0,36.0,108.0,60.0,8.0,16.0,180.0,77.0,169.0
254,2004,2304.0,1600.0,3.0,38.0,130.0,60.0,9.0,16.0,180.0,75.0,169.0
255,2004,2592.0,2048.0,5.0,38.0,130.0,60.0,9.0,16.0,180.0,75.0,199.0
256,2004,2592.0,2048.0,5.0,38.0,130.0,60.0,9.0,16.0,180.0,93.0,199.0
257,2006,2816.0,2048.0,6.0,35.0,105.0,70.0,10.0,16.0,150.0,92.0,169.0
258,2007,3264.0,2304.0,8.0,28.0,112.0,40.0,5.0,12.0,170.0,96.0,169.0
259,2007,4000.0,2848.0,12.0,35.0,105.0,45.0,7.0,25.0,205.0,93.0,199.0
260,2002,2832.0,2048.0,3.0,36.0,108.0,60.0,20.0,16.0,280.0,72.0,169.0
261,2003,4048.0,2848.0,6.0,35.0,105.0,60.0,9.0,16.0,205.0,72.0,169.0
262,2006,2816.0,2048.0,6.0,36.0,180.0,60.0,3.0,32.0,200.0,105.0,169.0
263,2003,2832.0,2048.0,3.0,35.0,105.0,60.0,9.0,16.0,205.0,108.0,169.0
264,2004,2832.0,2048.0,3.0,32.0,130.0,60.0,8.0,16.0,225.0,110.0,169.0
265,2004,4048.0,2848.0,6.0,32.0,130.0,60.0,7.0,16.0,250.0,110.0,169.0
266,2007,3488.0,2592.0,9.0,28.0,300.0,0.0,0.0,0.0,750.0,128.0,169.0
267,2002,2832.0,2048.0,3.0,38.0,76.0,60.0,20.0,16.0,280.0,65.0,169.0
268,2004,2832.0,2016.0,6.0,35.0,210.0,50.0,1.0,16.0,597.0,121.0,1699.0
269,2003,2048.0,1600.0,3.0,38.0,228.0,80.0,10.0,16.0,400.0,100.0,229.0
270,2004,2272.0,1600.0,4.0,39.0,234.0,80.0,10.0,16.0,385.0,100.0,229.0
271,2003,2816.0,2048.0,3.0,37.0,370.0,90.0,10.0,16.0,430.0,113.0,229.0
272,2004,2272.0,1600.0,4.0,37.0,370.0,90.0,10.0,16.0,387.0,113.0,229.0
273,2005,2592.0,2048.0,5.0,38.0,380.0,90.0,1.0,16.0,470.0,114.0,229.0
274,2007,3072.0,2304.0,7.0,38.0,380.0,30.0,10.0,27.0,406.0,106.0,229.0
275,2006,2848.0,2048.0,6.0,28.0,300.0,40.0,10.0,10.0,700.0,131.0,399.0
276,2002,2832.0,2048.0,3.0,35.0,210.0,50.0,1.0,16.0,590.0,121.0,399.0
277,2002,2832.0,2048.0,3.0,35.0,210.0,50.0,1.0,340.0,590.0,121.0,1699.0
278,2003,4048.0,2848.0,6.0,35.0,210.0,50.0,1.0,16.0,590.0,121.0,229.0
279,2007,3264.0,2304.0,8.0,27.0,486.0,70.0,10.0,58.0,510.0,111.0,399.0
280,2005,3488.0,2592.0,9.0,28.0,300.0,50.0,1.0,16.0,745.0,128.0,229.0
281,2006,3488.0,2592.0,9.0,28.0,300.0,0.0,0.0,0.0,750.0,128.0,229.0
282,2006,2592.0,2048.0,5.0,36.0,130.0,60.0,9.0,16.0,185.0,83.0,179.0
283,2005,2592.0,2048.0,5.0,36.0,108.0,60.0,8.0,16.0,170.0,90.0,179.0
284,2007,3072.0,2304.0,7.0,38.0,114.0,60.0,8.0,54.0,160.0,91.0,399.0
285,2005,2592.0,2048.0,5.0,36.0,108.0,60.0,8.0,16.0,170.0,90.0,179.0
286,2006,2592.0,2048.0,5.0,36.0,108.0,60.0,8.0,10.0,170.0,89.0,179.0
287,2007,4256.0,3024.0,6.0,0.0,0.0,0.0,0.0,0.0,920.0,147.0,1699.0
288,1999,1280.0,640.0,1.0,38.0,38.0,70.0,10.0,4.0,240.0,110.0,169.0
289,2000,1280.0,640.0,1.0,38.0,114.0,80.0,10.0,4.0,390.0,74.0,169.0
290,1999,1280.0,640.0,1.0,38.0,38.0,50.0,10.0,4.0,250.0,104.0,169.0
291,1999,1280.0,640.0,1.0,38.0,114.0,80.0,20.0,8.0,270.0,79.0,169.0
292,1999,1800.0,1280.0,2.0,35.0,35.0,50.0,9.0,4.0,260.0,80.0,169.0
293,1999,1800.0,1280.0,2.0,35.0,105.0,90.0,25.0,8.0,385.0,130.0,179.0
294,2000,2400.0,1280.0,2.0,36.0,108.0,80.0,20.0,16.0,280.0,78.0,169.0
295,1998,1280.0,640.0,1.0,35.0,35.0,50.0,9.0,2.0,220.0,123.0,169.0
296,1999,1280.0,640.0,1.0,38.0,115.0,90.0,25.0,4.0,0.0,122.0,179.0
297,1998,1280.0,640.0,1.0,35.0,35.0,50.0,9.0,2.0,260.0,80.0,169.0
298,2000,3040.0,2340.0,3.0,0.0,0.0,0.0,0.0,16.0,820.0,148.0,1699.0
299,2002,4256.0,3024.0,6.0,0.0,0.0,0.0,0.0,0.0,850.0,142.0,1699.0
300,2004,4256.0,3024.0,6.0,0.0,0.0,0.0,0.0,0.0,930.0,148.0,1699.0
301,2006,4256.0,3024.0,6.0,0.0,0.0,0.0,0.0,0.0,920.0,147.0,1699.0
302,2002,1632.0,640.0,2.0,38.0,38.0,75.0,0.0,8.0,240.0,113.0,179.0
303,2003,2048.0,640.0,3.0,36.0,36.0,85.0,85.0,16.0,190.0,117.0,179.0
304,2002,1632.0,640.0,2.0,36.0,102.0,20.0,20.0,8.0,280.0,120.0,179.0
305,2003,1636.0,640.0,2.0,38.0,114.0,80.0,10.0,16.0,240.0,240.0,179.0
306,2001,2048.0,640.0,3.0,34.0,102.0,60.0,20.0,16.0,320.0,127.0,179.0
307,2002,2048.0,640.0,3.0,34.0,102.0,20.0,20.0,16.0,340.0,118.0,179.0
308,2003,2080.0,0.0,3.0,38.0,114.0,0.0,0.0,16.0,290.0,105.0,179.0
309,2002,2272.0,1136.0,3.0,37.0,111.0,50.0,14.0,0.0,245.0,95.0,179.0
310,2002,2272.0,1136.0,3.0,37.0,300.0,50.0,10.0,0.0,489.0,114.0,179.0
311,2003,2608.0,1296.0,5.0,37.0,111.0,50.0,14.0,32.0,260.0,97.0,179.0
312,2003,2608.0,1296.0,5.0,37.0,300.0,50.0,10.0,32.0,500.0,123.0,179.0
313,1998,1152.0,576.0,1.0,39.0,39.0,60.0,20.0,4.0,300.0,127.0,179.0
314,1999,1152.0,640.0,1.0,35.0,35.0,60.0,20.0,8.0,300.0,126.0,179.0
315,2000,1280.0,640.0,1.0,43.0,43.0,60.0,10.0,4.0,290.0,124.0,179.0
316,1998,1152.0,576.0,1.0,35.0,35.0,60.0,20.0,4.0,300.0,126.0,179.0
317,2000,1600.0,640.0,1.0,38.0,38.0,30.0,30.0,8.0,280.0,128.0,179.0
318,1999,1600.0,640.0,1.0,38.0,115.0,0.0,0.0,16.0,410.0,153.0,179.0
319,2000,1600.0,800.0,1.0,34.0,108.0,50.0,10.0,16.0,630.0,144.0,179.0
320,2000,1600.0,800.0,1.0,34.0,108.0,50.0,10.0,16.0,150.0,99.0,179.0
321,2005,2560.0,2048.0,5.0,35.0,35.0,60.0,10.0,16.0,231.0,95.0,179.0
322,2006,2560.0,2048.0,5.0,35.0,35.0,60.0,0.0,16.0,170.0,96.0,179.0
323,2007,2576.0,0.0,5.0,36.0,36.0,100.0,0.0,16.0,170.0,96.0,179.0
324,2005,2320.0,1600.0,4.0,36.0,36.0,0.0,0.0,16.0,172.0,109.0,179.0
325,2005,2320.0,1600.0,4.0,36.0,36.0,0.0,10.0,16.0,172.0,109.0,179.0
326,2004,2080.0,1280.0,3.0,40.0,111.0,80.0,10.0,16.0,177.0,107.0,179.0
327,2004,2320.0,1280.0,4.0,40.0,111.0,50.0,10.0,16.0,190.0,95.0,179.0
328,2005,2576.0,2048.0,5.0,36.0,108.0,50.0,12.0,16.0,181.0,96.0,179.0
329,2006,2576.0,2080.0,5.0,38.0,114.0,50.0,12.0,32.0,172.0,109.0,179.0
330,2007,2576.0,0.0,5.0,38.0,114.0,50.0,10.0,16.0,190.0,95.0,179.0
331,2005,2576.0,2048.0,5.0,36.0,108.0,80.0,12.0,16.0,190.0,97.0,179.0
332,2006,2800.0,2288.0,6.0,38.0,114.0,50.0,12.0,16.0,192.0,96.0,179.0
333,2006,2800.0,2288.0,6.0,38.0,114.0,50.0,12.0,16.0,227.0,99.0,179.0
334,2007,2848.0,0.0,6.0,38.0,114.0,50.0,0.0,32.0,157.0,90.0,179.0
335,2007,3264.0,0.0,8.0,35.0,210.0,0.0,14.0,32.0,157.0,90.0,179.0
336,2004,2320.0,1280.0,4.0,35.0,105.0,50.0,6.0,32.0,205.0,96.0,179.0
337,2004,2320.0,1280.0,4.0,35.0,105.0,50.0,14.0,32.0,205.0,96.0,179.0
338,2004,2608.0,1296.0,5.0,39.0,117.0,50.0,14.0,32.0,150.0,93.0,179.0
339,2005,2864.0,2592.0,6.0,39.0,117.0,50.0,10.0,32.0,150.0,93.0,179.0
340,2006,2864.0,2592.0,6.0,39.0,118.0,50.0,10.0,32.0,136.0,94.0,179.0
341,2006,2864.0,2592.0,6.0,39.0,118.0,50.0,5.0,32.0,190.0,91.0,179.0
342,2007,3096.0,0.0,7.0,36.0,108.0,50.0,3.0,32.0,190.0,91.0,179.0
343,2005,2592.0,2048.0,5.0,36.0,180.0,20.0,3.0,32.0,205.0,100.0,179.0
344,2005,2592.0,2048.0,5.0,36.0,180.0,20.0,1.0,32.0,200.0,96.0,179.0
345,2007,3112.0,0.0,7.0,39.0,118.0,50.0,12.0,32.0,227.0,105.0,179.0
346,2006,3296.0,2592.0,8.0,35.0,105.0,50.0,10.0,,,,179.0
347,2007,3298.0,0.0,8.0,39.0,118.0,50.0,,,,,179.0
348,2001,2032.0,1024.0,3.0,37.0,86.0,50.0,2.0,8.0,320.0,111.0,14.0
349,2001,2032.0,1024.0,3.0,37.0,86.0,50.0,2.0,16.0,320.0,111.0,14.0
350,2005,2096.0,0.0,3.0,37.0,37.0,80.0,0.0,16.0,198.0,104.0,129.0
351,2005,2336.0,2313.0,4.0,35.0,35.0,85.0,85.0,16.0,154.0,103.0,129.0
352,2005,2336.0,2304.0,4.0,34.0,102.0,60.0,13.0,16.0,180.0,91.0,129.0
353,2005,2576.0,0.0,5.0,34.0,102.0,60.0,13.0,16.0,198.0,92.0,129.0
354,2005,2690.0,2569.0,5.0,34.0,102.0,60.0,7.0,32.0,170.0,84.0,129.0
355,2006,2304.0,2048.0,4.0,36.0,108.0,60.0,10.0,16.0,180.0,91.0,126.0
356,2007,2572.0,2048.0,5.0,36.0,108.0,60.0,13.0,16.0,188.0,91.0,126.0
357,2006,2576.0,2048.0,5.0,37.0,111.0,60.0,10.0,16.0,200.0,91.0,126.0
358,2007,2848.0,2048.0,6.0,36.0,108.0,60.0,13.0,16.0,187.0,91.0,126.0
359,2006,2848.0,2304.0,6.0,36.0,108.0,60.0,13.0,22.0,195.0,92.0,126.0
360,2007,2848.0,2304.0,6.0,36.0,108.0,60.0,10.0,22.0,195.0,89.0,126.0
361,2006,2832.0,2304.0,6.0,34.0,102.0,60.0,5.0,32.0,190.0,85.0,126.0
362,2006,3072.0,2304.0,7.0,37.0,111.0,60.0,13.0,32.0,195.0,92.0,126.0
363,2007,3072.0,2592.0,7.0,35.0,105.0,60.0,5.0,32.0,180.0,90.0,126.0
364,2006,3264.0,2560.0,8.0,37.0,185.0,60.0,10.0,32.0,225.0,91.0,126.0
365,2002,1632.0,0.0,2.0,37.0,37.0,75.0,20.0,16.0,250.0,109.0,129.0
366,2002,1632.0,0.0,2.0,36.0,108.0,50.0,10.0,16.0,280.0,115.0,129.0
367,2002,2080.0,0.0,3.0,38.0,76.0,30.0,15.0,16.0,250.0,109.0,126.0
368,2003,1632.0,0.0,2.0,37.0,37.0,50.0,50.0,8.0,195.0,104.0,129.0
369,2003,1632.0,0.0,2.0,36.0,108.0,50.0,50.0,16.0,225.0,104.0,129.0
370,2003,2032.0,0.0,3.0,37.0,111.0,60.0,60.0,16.0,225.0,103.0,126.0
371,2004,0.0,0.0,2.0,37.0,78.0,50.0,60.0,16.0,195.0,104.0,129.0
372,2004,2096.0,0.0,3.0,37.0,37.0,80.0,0.0,16.0,162.0,104.0,126.0
373,2004,2032.0,0.0,3.0,37.0,111.0,60.0,13.0,16.0,225.0,103.0,126.0
374,2004,2408.0,0.0,4.0,34.0,102.0,60.0,10.0,16.0,198.0,103.0,126.0
375,2004,2560.0,0.0,4.0,34.0,102.0,60.0,10.0,32.0,240.0,103.0,126.0
376,1998,1152.0,640.0,0.0,39.0,39.0,70.0,0.0,4.0,400.0,131.0,129.0
377,1999,1152.0,640.0,0.0,39.0,39.0,70.0,0.0,4.0,400.0,131.0,129.0
378,1998,1152.0,640.0,0.0,29.0,58.0,50.0,20.0,8.0,400.0,131.0,129.0
379,1999,1152.0,640.0,0.0,29.0,58.0,50.0,20.0,4.0,320.0,115.0,129.0
380,1998,1152.0,640.0,0.0,29.0,58.0,50.0,20.0,8.0,550.0,118.0,129.0
381,1999,1280.0,640.0,1.0,39.0,117.0,50.0,25.0,8.0,420.0,133.0,129.0
382,1998,1536.0,768.0,1.0,38.0,115.0,30.0,0.0,8.0,550.0,118.0,129.0
383,1999,1536.0,768.0,1.0,38.0,115.0,30.0,0.0,16.0,550.0,118.0,129.0
384,1999,1760.0,896.0,2.0,30.0,60.0,50.0,25.0,20.0,420.0,133.0,129.0
385,1999,1792.0,1440.0,2.0,38.0,115.0,30.0,0.0,20.0,550.0,118.0,129.0
386,2000,1152.0,576.0,0.0,39.0,39.0,60.0,0.0,2.0,240.0,113.0,129.0
387,2000,1760.0,896.0,2.0,38.0,76.0,50.0,25.0,20.0,420.0,133.0,129.0
388,2000,1760.0,896.0,2.0,33.0,33.0,50.0,20.0,0.0,200.0,95.0,129.0
389,2000,2160.0,1800.0,3.0,28.0,84.0,50.0,20.0,16.0,320.0,120.0,129.0
390,2000,1760.0,896.0,2.0,30.0,60.0,50.0,20.0,16.0,459.0,140.0,126.0
391,2002,4536.0,3024.0,13.0,0.0,0.0,0.0,0.0,0.0,1000.0,131.0,129.0
392,1998,1520.0,0.0,1.0,0.0,0.0,0.0,0.0,0.0,1800.0,137.0,126.0
393,1999,2008.0,0.0,3.0,0.0,0.0,0.0,0.0,0.0,1080.0,137.0,126.0
394,1994,1524.0,0.0,1.0,0.0,0.0,0.0,0.0,0.0,1700.0,170.0,129.0
395,1995,3060.0,0.0,6.0,0.0,0.0,0.0,0.0,0.0,1700.0,170.0,129.0
396,1998,1728.0,0.0,2.0,0.0,0.0,0.0,0.0,0.0,1650.0,161.0,129.0
397,1998,3040.0,0.0,6.0,0.0,0.0,0.0,0.0,0.0,1650.0,161.0,129.0
398,1999,1728.0,0.0,2.0,0.0,0.0,0.0,0.0,0.0,1580.0,194.0,129.0
399,2000,1728.0,0.0,2.0,0.0,0.0,0.0,0.0,0.0,1580.0,194.0,129.0
400,1999,3040.0,0.0,6.0,0.0,0.0,0.0,0.0,0.0,1580.0,194.0,129.0
401,2001,1728.0,0.0,2.0,0.0,0.0,0.0,0.0,0.0,1580.0,194.0,129.0
402,2001,3032.0,0.0,6.0,0.0,0.0,0.0,0.0,0.0,1860.0,194.0,129.0
403,2004,4500.0,3000.0,13.0,0.0,0.0,0.0,0.0,0.0,1000.0,137.0,129.0
404,2004,4500.0,3000.0,13.0,0.0,0.0,0.0,0.0,0.0,1000.0,131.0,129.0
405,2001,1280.0,0.0,1.0,30.0,60.0,75.0,22.0,8.0,260.0,121.0,129.0
406,2001,1800.0,900.0,2.0,38.0,38.0,75.0,22.0,8.0,225.0,120.0,129.0
407,2001,1800.0,900.0,2.0,35.0,70.0,50.0,28.0,8.0,250.0,120.0,129.0
408,2001,2160.0,0.0,3.0,37.0,37.0,50.0,15.0,8.0,250.0,150.0,129.0
409,2001,2160.0,1800.0,3.0,35.0,70.0,50.0,7.0,8.0,260.0,116.0,129.0
410,2002,2160.0,1800.0,3.0,38.0,114.0,60.0,7.0,16.0,260.0,111.0,126.0
411,2003,2580.0,0.0,5.0,38.0,114.0,60.0,7.0,32.0,210.0,111.0,126.0
412,2002,2448.0,2160.0,4.0,35.0,70.0,50.0,7.0,16.0,260.0,116.0,129.0
413,2003,2032.0,0.0,3.0,36.0,144.0,50.0,10.0,16.0,280.0,109.0,126.0
414,2003,2304.0,0.0,4.0,33.0,132.0,50.0,10.0,16.0,270.0,109.0,129.0
415,2003,2304.0,0.0,4.0,38.0,380.0,60.0,12.0,16.0,380.0,100.0,129.0
416,2004,2304.0,2048.0,4.0,33.0,132.0,50.0,10.0,32.0,270.0,100.0,129.0
417,2004,2576.0,2576.0,5.0,38.0,380.0,60.0,12.0,32.0,400.0,97.0,126.0
418,2004,2872.0,0.0,6.0,39.0,117.0,60.0,7.0,32.0,270.0,100.0,126.0
419,2005,2304.0,0.0,4.0,36.0,100.0,60.0,10.0,256.0,275.0,103.0,296.0
420,2002,1752.0,876.0,2.0,38.0,38.0,80.0,0.0,8.0,160.0,109.0,129.0
421,2002,2448.0,2160.0,4.0,35.0,105.0,70.0,13.0,16.0,260.0,109.0,129.0
422,2003,2041.0,0.0,3.0,37.0,111.0,60.0,13.0,16.0,260.0,114.0,126.0
423,2004,2304.0,0.0,4.0,36.0,100.0,60.0,12.0,16.0,220.0,108.0,126.0
424,2004,2569.0,0.0,5.0,36.0,108.0,60.0,12.0,32.0,220.0,108.0,126.0
425,2004,2592.0,2288.0,5.0,36.0,108.0,70.0,5.0,16.0,210.0,95.0,126.0
426,2007,3056.0,2592.0,7.0,37.0,111.0,40.0,7.0,16.0,165.0,93.0,126.0
427,2007,3296.0,2592.0,8.0,37.0,111.0,40.0,7.0,16.0,165.0,93.0,146.0
428,2007,3264.0,2592.0,8.0,38.0,114.0,70.0,10.0,32.0,160.0,92.0,146.0
429,2007,3280.0,0.0,8.0,38.0,114.0,70.0,10.0,64.0,166.0,92.0,146.0
430,2001,640.0,0.0,0.0,37.0,37.0,70.0,0.0,16.0,198.0,105.0,129.0
431,2006,3072.0,2592.0,7.0,36.0,432.0,50.0,10.0,32.0,440.0,108.0,126.0
432,2005,2592.0,2048.0,5.0,36.0,432.0,10.0,10.0,32.0,450.0,108.0,146.0
433,2005,3264.0,2560.0,8.0,24.0,140.0,10.0,5.0,32.0,570.0,116.0,146.0
434,2007,3648.0,2560.0,10.0,36.0,108.0,60.0,5.0,24.0,185.0,103.0,129.0
435,2005,2569.0,2576.0,5.0,36.0,108.0,60.0,7.0,16.0,150.0,92.0,126.0
436,2005,2569.0,2576.0,5.0,36.0,108.0,60.0,7.0,32.0,160.0,94.0,126.0
437,2006,2569.0,2576.0,5.0,39.0,117.0,0.0,0.0,32.0,175.0,101.0,129.0
438,2006,2832.0,2304.0,6.0,38.0,380.0,0.0,0.0,32.0,195.0,111.0,129.0
439,2006,3072.0,2576.0,7.0,23.0,117.0,60.0,5.0,32.0,165.0,101.0,126.0
440,2007,3264.0,2560.0,8.0,36.0,108.0,60.0,5.0,24.0,185.0,103.0,146.0
441,2007,4000.0,2832.0,12.0,35.0,175.0,60.0,10.0,64.0,211.0,90.0,129.0
442,2006,2848.0,2304.0,6.0,35.0,420.0,50.0,10.0,32.0,330.0,104.0,129.0
443,2006,2848.0,2304.0,6.0,38.0,380.0,60.0,12.0,32.0,320.0,98.0,126.0
444,2005,2304.0,0.0,4.0,35.0,175.0,60.0,10.0,16.0,270.0,97.0,126.0
445,2006,3072.0,2592.0,7.0,38.0,380.0,60.0,12.0,32.0,360.0,98.0,126.0
446,2007,3072.0,2592.0,7.0,36.0,423.0,60.0,13.0,32.0,350.0,104.0,126.0
447,2005,2576.0,2304.0,5.0,33.0,132.0,50.0,10.0,32.0,270.0,100.0,126.0
448,2005,2576.0,2304.0,5.0,38.0,380.0,60.0,12.0,32.0,330.0,98.0,126.0
449,2005,2576.0,2576.0,5.0,38.0,380.0,60.0,12.0,32.0,400.0,97.0,126.0
450,2005,2872.0,2856.0,6.0,39.0,117.0,60.0,7.0,32.0,259.0,100.0,126.0
451,2007,3264.0,2592.0,8.0,36.0,180.0,60.0,7.0,32.0,211.0,90.0,146.0
452,2000,2048.0,1024.0,3.0,38.0,76.0,60.0,10.0,8.0,240.0,38.0,169.0
453,2003,2048.0,1024.0,3.0,38.0,115.0,60.0,20.0,16.0,220.0,111.0,169.0
454,2003,2048.0,1600.0,3.0,38.0,115.0,60.0,20.0,16.0,220.0,112.0,169.0
455,2003,2304.0,1600.0,4.0,35.0,105.0,60.0,20.0,16.0,220.0,112.0,199.0
456,2004,2272.0,1600.0,4.0,37.0,370.0,60.0,10.0,0.0,340.0,107.0,169.0
457,2004,2272.0,1600.0,4.0,37.0,370.0,60.0,10.0,0.0,340.0,107.0,179.0
458,2001,2048.0,1024.0,3.0,38.0,76.0,30.0,6.0,16.0,160.0,30.0,1699.0
459,2002,2048.0,1600.0,3.0,35.0,105.0,55.0,12.0,16.0,205.0,92.0,1699.0
460,2003,2048.0,1600.0,3.0,35.0,105.0,60.0,17.0,16.0,205.0,92.0,1699.0
461,2002,2048.0,1024.0,3.0,35.0,105.0,55.0,12.0,16.0,175.0,32.0,1699.0
462,2002,2272.0,1280.0,3.0,35.0,105.0,55.0,12.0,16.0,175.0,32.0,1699.0
463,2002,2560.0,1600.0,5.0,35.0,105.0,55.0,12.0,16.0,205.0,92.0,1699.0
464,2003,2560.0,1600.0,5.0,35.0,105.0,60.0,17.0,16.0,205.0,92.0,1699.0
465,2003,2048.0,1600.0,3.0,35.0,115.0,60.0,20.0,16.0,175.0,100.0,229.0
466,2004,2272.0,1600.0,3.0,35.0,115.0,60.0,20.0,16.0,155.0,100.0,229.0
467,2006,2816.0,2048.0,6.0,28.0,102.0,50.0,5.0,16.0,155.0,94.0,509.0
468,1998,1280.0,640.0,1.0,35.0,35.0,50.0,9.0,2.0,260.0,80.0,149.0
469,2002,2240.0,1600.0,3.0,33.0,100.0,30.0,6.0,32.0,455.0,127.0,249.0
470,2003,2560.0,2048.0,4.0,28.0,90.0,30.0,30.0,64.0,705.0,135.0,249.0
471,2006,3136.0,2560.0,7.0,0.0,0.0,0.0,0.0,0.0,606.0,146.0,269.0
472,2000,2400.0,1280.0,2.0,36.0,108.0,80.0,20.0,16.0,280.0,78.0,149.0
473,2000,1280.0,640.0,1.0,38.0,114.0,80.0,20.0,8.0,270.0,79.0,249.0
474,2005,3840.0,3072.0,8.0,28.0,112.0,50.0,5.0,32.0,220.0,106.0,509.0
475,2006,4224.0,3840.0,10.0,28.0,112.0,50.0,5.0,13.0,220.0,106.0,509.0
476,2006,3936.0,2952.0,10.0,0.0,0.0,0.0,0.0,0.0,591.0,139.0,146.0
477,2006,3648.0,3264.0,10.0,35.0,420.0,30.0,5.0,32.0,734.0,141.0,509.0
478,1997,512.0,320.0,0.0,52.0,52.0,23.0,14.0,1.0,200.0,60.0,229.0
479,2002,1632.0,1024.0,1.0,38.0,114.0,0.0,0.0,8.0,295.0,108.0,229.0
480,2003,1600.0,1024.0,1.0,36.0,108.0,30.0,4.0,8.0,215.0,88.0,99.0
481,2004,1600.0,1024.0,1.0,36.0,108.0,30.0,4.0,14.0,190.0,88.0,229.0
482,2002,1600.0,1280.0,1.0,37.0,111.0,30.0,4.0,8.0,250.0,114.0,229.0
483,1997,640.0,0.0,0.0,45.0,45.0,23.0,14.0,4.0,250.0,78.0,229.0
484,2003,2048.0,1600.0,3.0,38.0,115.0,30.0,4.0,16.0,215.0,88.0,99.0
485,2004,2048.0,1600.0,3.0,38.0,115.0,30.0,4.0,14.0,190.0,88.0,229.0
486,2002,2048.0,1600.0,3.0,37.0,111.0,30.0,4.0,8.0,250.0,114.0,229.0
487,2003,2048.0,1600.0,3.0,35.0,105.0,30.0,3.0,16.0,162.0,95.5,229.0
488,2004,2288.0,1600.0,3.0,35.0,105.0,0.0,0.0,14.0,190.0,88.0,99.0
489,2004,2272.0,2048.0,3.0,38.0,114.0,30.0,4.0,12.0,180.0,88.0,229.0
490,2002,2272.0,2048.0,3.0,38.0,114.0,30.0,4.0,16.0,286.0,95.0,229.0
491,2002,2272.0,1280.0,3.0,38.0,155.0,30.0,2.0,16.0,374.0,130.0,229.0
492,2005,2288.0,1600.0,3.0,34.0,102.0,30.0,4.0,14.0,180.0,85.0,229.0
493,2004,2288.0,1600.0,4.0,36.0,300.0,40.0,1.0,13.0,295.0,106.0,229.0
494,2001,2560.0,1600.0,4.0,28.0,85.0,50.0,2.0,32.0,414.0,102.0,229.0
495,2004,2592.0,2048.0,5.0,38.0,114.0,30.0,4.0,12.0,180.0,88.0,229.0
496,2003,2592.0,1600.0,5.0,28.0,116.0,50.0,1.0,16.0,400.0,108.0,229.0
497,2005,2592.0,2048.0,5.0,34.0,102.0,30.0,4.0,14.0,180.0,85.0,229.0
498,2002,2560.0,1600.0,4.0,35.0,280.0,50.0,3.0,32.0,512.0,108.0,229.0
499,2005,2592.0,2048.0,5.0,38.0,114.0,30.0,4.0,13.0,185.0,88.0,229.0
500,1998,1024.0,512.0,0.0,36.0,36.0,50.0,14.0,8.0,220.0,110.0,229.0
501,1999,1600.0,640.0,1.0,35.0,35.0,30.0,9.0,8.0,340.0,114.0,229.0
502,2005,3072.0,2592.0,7.0,38.0,114.0,30.0,4.0,14.0,195.0,85.0,229.0
503,2001,1600.0,1024.0,1.0,38.0,115.0,30.0,4.0,8.0,230.0,87.0,159.0
504,2005,3072.0,2592.0,7.0,38.0,114.0,30.0,4.0,13.0,185.0,88.0,229.0
505,1999,1600.0,640.0,1.0,38.0,76.0,30.0,7.0,8.0,360.0,119.0,229.0
506,2004,3264.0,2592.0,8.0,24.0,85.0,50.0,3.0,0.0,470.0,113.0,229.0
507,2004,3264.0,2592.0,8.0,35.0,280.0,50.0,3.0,0.0,512.0,113.0,229.0
508,2000,2048.0,1024.0,3.0,38.0,95.0,40.0,4.0,8.0,320.0,99.5,229.0
509,2004,3264.0,2592.0,8.0,35.0,350.0,50.0,3.0,0.0,680.0,116.0,229.0
510,2001,2048.0,1024.0,3.0,38.0,114.0,40.0,4.0,16.0,286.0,95.0,159.0
511,1998,1280.0,640.0,1.0,38.0,115.0,50.0,20.0,4.0,420.0,157.0,229.0
512,1998,1280.0,640.0,1.0,38.0,115.0,50.0,20.0,8.0,420.0,157.0,229.0
513,1999,1600.0,1024.0,1.0,38.0,115.0,30.0,2.0,8.0,480.0,143.0,229.0
514,2000,2048.0,1024.0,3.0,38.0,115.0,30.0,2.0,16.0,450.0,143.0,229.0
515,2001,2048.0,1600.0,3.0,38.0,152.0,30.0,2.0,16.0,420.0,138.0,159.0
516,2005,2816.0,2048.0,6.0,38.0,190.0,50.0,4.0,10.0,195.0,90.0,99.0
517,2007,2560.0,2048.0,4.0,37.0,112.0,40.0,15.0,7.0,165.0,90.0,99.0
518,2007,2816.0,2048.0,6.0,37.0,112.0,40.0,15.0,7.0,175.0,90.0,99.0
519,2007,3072.0,2592.0,7.0,35.0,105.0,50.0,15.0,21.0,175.0,91.0,99.0
520,2007,3072.0,2048.0,7.0,38.0,114.0,60.0,10.0,23.0,225.0,91.0,129.0
521,2007,3264.0,2592.0,8.0,35.0,105.0,50.0,15.0,32.0,225.0,91.0,159.0
522,2006,2816.0,2048.0,6.0,38.0,116.0,30.0,10.0,23.0,170.0,91.0,99.0
523,2006,2592.0,2048.0,5.0,38.0,116.0,30.0,10.0,23.0,170.0,91.0,99.0
524,2006,2272.0,1600.0,3.0,38.0,114.0,30.0,4.0,10.0,165.0,87.0,99.0
525,2006,3072.0,2592.0,7.0,38.0,190.0,50.0,4.0,8.0,210.0,97.0,99.0
526,2006,2816.0,2048.0,6.0,38.0,116.0,30.0,10.0,23.0,175.0,91.0,99.0
527,2005,3264.0,2592.0,8.0,35.0,126.0,50.0,4.0,32.0,185.0,91.0,99.0
528,2005,2592.0,2048.0,5.0,35.0,126.0,50.0,4.0,16.0,185.0,91.0,229.0
529,2006,3264.0,2592.0,8.0,36.0,126.0,30.0,4.0,23.0,200.0,92.0,229.0
530,2006,3264.0,2592.0,8.0,36.0,126.0,30.0,4.0,23.0,200.0,92.0,229.0
531,2007,3264.0,3200.0,8.0,28.0,102.0,50.0,5.0,52.0,210.0,95.0,229.0
532,2007,3648.0,2592.0,10.0,36.0,126.0,30.0,4.0,26.0,240.0,98.0,399.0
533,2007,4000.0,3264.0,12.0,35.0,123.0,30.0,4.0,52.0,250.0,98.0,399.0
534,2005,2592.0,2048.0,5.0,35.0,105.0,30.0,4.0,12.0,170.0,90.0,99.0
535,2006,2816.0,2048.0,6.0,38.0,380.0,30.0,4.0,16.0,280.0,113.0,99.0
536,2005,2592.0,2048.0,5.0,35.0,105.0,30.0,4.0,12.0,160.0,92.0,199.0
537,2007,3072.0,2592.0,7.0,38.0,114.0,60.0,10.0,20.0,165.0,92.0,229.0
538,2005,2816.0,2048.0,6.0,35.0,105.0,30.0,4.0,12.0,132.0,90.0,199.0
539,2005,2816.0,2048.0,6.0,38.0,380.0,30.0,6.0,13.0,225.0,112.0,199.0
540,2006,2816.0,2048.0,6.0,35.0,105.0,30.0,4.0,21.0,165.0,93.0,229.0
541,2007,3072.0,2592.0,7.0,38.0,114.0,30.0,4.0,13.0,165.0,88.0,229.0
542,2007,3072.0,2592.0,7.0,35.0,105.0,50.0,15.0,26.0,165.0,88.0,229.0
543,2007,3072.0,2592.0,7.0,38.0,114.0,30.0,4.0,13.0,165.0,88.0,329.0
544,2007,3264.0,2592.0,7.0,38.0,114.0,30.0,4.0,13.0,175.0,93.0,279.0
545,2007,3264.0,3200.0,8.0,35.0,105.0,50.0,15.0,52.0,125.0,88.0,399.0
546,2007,3264.0,2592.0,7.0,38.0,114.0,30.0,4.0,13.0,175.0,98.0,329.0
547,2006,2816.0,2048.0,6.0,35.0,105.0,30.0,4.0,20.0,170.0,101.0,199.0
548,2006,3072.0,2592.0,7.0,35.0,105.0,30.0,4.0,14.0,170.0,101.0,199.0
549,2006,2816.0,2048.0,6.0,38.0,114.0,25.0,4.0,24.0,165.0,91.0,199.0
550,2003,2016.0,1600.0,3.0,37.0,111.0,30.0,4.0,16.0,216.0,83.0,199.0
551,1999,2000.0,0.0,2.0,0.0,0.0,0.0,0.0,0.0,1200.0,157.0,1599.0
552,2002,3008.0,2240.0,6.0,0.0,0.0,0.0,0.0,0.0,780.0,144.0,1599.0
553,2001,2000.0,0.0,2.0,0.0,0.0,0.0,0.0,0.0,1200.0,157.0,1599.0
554,2001,3008.0,2000.0,5.0,0.0,0.0,0.0,0.0,0.0,1200.0,157.0,4699.0
555,2005,3872.0,2896.0,10.0,0.0,0.0,0.0,0.0,0.0,920.0,147.0,1599.0
556,2003,2464.0,1840.0,4.0,0.0,0.0,0.0,0.0,0.0,1200.0,158.0,1599.0
557,2005,2464.0,1840.0,4.0,0.0,0.0,0.0,0.0,0.0,1200.0,158.0,4699.0
558,2004,4288.0,3216.0,12.0,0.0,0.0,0.0,0.0,0.0,1200.0,158.0,4699.0
559,2006,4288.0,3216.0,12.0,0.0,0.0,0.0,0.0,0.0,1200.0,158.0,4699.0
560,2007,4256.0,3184.0,12.0,0.0,0.0,0.0,0.0,0.0,1300.0,160.0,4999.0
561,2007,4288.0,3216.0,12.0,0.0,0.0,0.0,0.0,0.0,925.0,147.0,1799.0
562,2006,3008.0,2256.0,6.0,0.0,0.0,0.0,0.0,0.0,522.0,124.0,549.0
563,2007,3872.0,2896.0,10.0,0.0,0.0,0.0,0.0,0.0,522.0,124.0,549.0
564,2005,3008.0,2256.0,6.0,0.0,0.0,0.0,0.0,0.0,620.0,133.0,1599.0
565,2004,3008.0,2240.0,6.0,0.0,0.0,0.0,0.0,0.0,679.0,140.0,1599.0
566,2005,3008.0,2240.0,6.0,0.0,0.0,0.0,0.0,0.0,679.0,140.0,1599.0
567,2006,3872.0,2896.0,10.0,0.0,0.0,0.0,0.0,0.0,668.0,132.0,1199.0
568,2001,1280.0,640.0,1.0,35.0,35.0,50.0,10.0,8.0,190.0,110.0,1699.0
569,2001,1280.0,1024.0,1.0,35.0,35.0,60.0,25.0,1.0,190.0,123.0,1699.0
570,2002,1600.0,1024.0,1.0,35.0,35.0,60.0,25.0,8.0,250.0,123.0,1699.0
571,2001,1280.0,640.0,1.0,38.0,114.0,50.0,20.0,8.0,190.0,110.0,1699.0
572,2001,1600.0,1024.0,1.0,36.0,36.0,50.0,10.0,16.0,220.0,110.0,1699.0
573,1999,1600.0,1024.0,1.0,35.0,105.0,80.0,20.0,8.0,380.0,108.0,129.0
574,2001,1600.0,1024.0,1.0,35.0,105.0,80.0,20.0,8.0,250.0,118.0,129.0
575,1999,1600.0,1024.0,1.0,35.0,105.0,80.0,20.0,8.0,380.0,108.0,129.0
576,2000,1600.0,1024.0,1.0,40.0,120.0,80.0,20.0,8.0,380.0,108.0,129.0
577,1999,1600.0,1024.0,1.0,38.0,38.0,60.0,15.0,8.0,190.0,107.0,1699.0
578,2000,1600.0,1280.0,1.0,38.0,380.0,60.0,10.0,8.0,540.0,113.0,129.0
579,1999,1712.0,1280.0,2.0,36.0,110.0,80.0,2.0,32.0,530.0,109.0,129.0
580,2000,2048.0,1600.0,3.0,32.0,96.0,80.0,20.0,8.0,380.0,109.0,1699.0
581,2002,1984.0,1600.0,3.0,36.0,100.0,80.0,20.0,16.0,300.0,118.0,1699.0
582,2001,2048.0,1600.0,3.0,32.0,96.0,80.0,20.0,8.0,380.0,109.0,1699.0
583,2000,2048.0,1600.0,3.0,32.0,96.0,80.0,20.0,16.0,380.0,109.0,1699.0
584,2000,2048.0,1600.0,3.0,35.0,105.0,80.0,20.0,16.0,420.0,109.0,1699.0
585,2002,2288.0,2048.0,3.0,32.0,96.0,80.0,2.0,16.0,400.0,110.0,129.0
586,2001,2272.0,2048.0,3.0,35.0,105.0,80.0,20.0,16.0,420.0,110.0,129.0
587,2001,2272.0,2048.0,3.0,35.0,98.0,80.0,10.0,16.0,270.0,87.0,1699.0
588,2003,2560.0,2272.0,4.0,38.0,114.0,50.0,4.0,32.0,280.0,105.0,449.0
589,2002,2560.0,2288.0,4.0,35.0,105.0,80.0,20.0,32.0,480.0,114.0,449.0
590,2003,2592.0,2288.0,5.0,27.0,110.0,80.0,3.0,32.0,480.0,116.0,449.0
591,2002,2560.0,2048.0,4.0,38.0,114.0,50.0,20.0,32.0,230.0,100.0,449.0
592,2005,2592.0,2288.0,5.0,38.0,190.0,60.0,8.0,16.0,340.0,110.0,129.0
593,2004,2816.0,2560.0,5.0,38.0,114.0,40.0,4.0,32.0,230.0,99.0,449.0
594,2004,3072.0,2592.0,7.0,38.0,190.0,60.0,2.0,32.0,280.0,102.0,129.0
595,2001,1600.0,1280.0,1.0,38.0,380.0,60.0,10.0,8.0,340.0,108.0,449.0
596,2005,3072.0,2592.0,7.0,27.0,110.0,80.0,3.0,32.0,480.0,116.0,129.0
597,2002,1984.0,1600.0,3.0,40.0,320.0,60.0,10.0,16.0,340.0,108.0,449.0
598,2002,2048.0,1600.0,3.0,38.0,380.0,60.0,10.0,16.0,400.0,108.0,449.0
599,2003,2048.0,1600.0,3.0,38.0,380.0,60.0,3.0,16.0,340.0,108.0,449.0
600,2003,2288.0,2048.0,3.0,38.0,380.0,60.0,3.0,16.0,340.0,108.0,449.0
601,2004,2288.0,2048.0,3.0,38.0,380.0,60.0,7.0,16.0,310.0,105.0,449.0
602,2004,2288.0,2048.0,3.0,38.0,380.0,60.0,7.0,32.0,310.0,105.0,449.0
603,2004,3264.0,2592.0,8.0,28.0,140.0,80.0,5.0,32.0,724.0,124.0,179.0
604,1996,640.0,320.0,0.0,36.0,36.0,75.0,20.0,2.0,320.0,145.0,129.0
605,1996,1024.0,512.0,0.0,36.0,36.0,50.0,20.0,6.0,320.0,145.0,1699.0
606,1998,1280.0,640.0,1.0,36.0,36.0,70.0,10.0,4.0,320.0,128.0,1699.0
607,1999,1280.0,640.0,1.0,36.0,36.0,70.0,10.0,8.0,320.0,128.0,1699.0
608,2000,1280.0,640.0,1.0,36.0,36.0,50.0,10.0,8.0,280.0,128.0,1699.0
609,2003,1600.0,1024.0,1.0,35.0,35.0,50.0,20.0,16.0,230.0,108.0,1699.0
610,2004,2048.0,1024.0,3.0,33.0,33.0,50.0,20.0,16.0,210.0,110.0,1699.0
611,1998,1280.0,640.0,1.0,35.0,105.0,80.0,20.0,8.0,320.0,127.0,129.0
612,2005,2288.0,1600.0,3.0,37.0,37.0,50.0,20.0,14.0,170.0,101.0,1699.0
613,2005,2592.0,1600.0,5.0,36.0,35.0,50.0,20.0,0.0,140.0,101.0,1699.0
614,1999,1280.0,640.0,1.0,35.0,105.0,80.0,20.0,8.0,320.0,127.0,129.0
615,2000,1280.0,640.0,1.0,35.0,105.0,80.0,20.0,8.0,320.0,127.0,449.0
616,2000,1600.0,640.0,1.0,35.0,105.0,80.0,20.0,8.0,320.0,127.0,129.0
617,1997,1024.0,640.0,0.0,50.0,150.0,60.0,30.0,2.0,490.0,115.0,449.0
618,2002,1600.0,1024.0,1.0,35.0,105.0,50.0,20.0,8.0,220.0,112.0,449.0
619,2004,2048.0,1600.0,3.0,38.0,114.0,50.0,2.0,12.0,190.0,88.0,449.0
620,2004,2048.0,1600.0,3.0,38.0,114.0,50.0,2.0,16.0,200.0,100.0,449.0
621,2005,2288.0,1600.0,3.0,38.0,114.0,50.0,2.0,14.0,190.0,106.0,449.0
622,2003,2048.0,1024.0,3.0,35.0,105.0,50.0,20.0,16.0,220.0,108.0,449.0
623,2004,2288.0,1600.0,3.0,35.0,105.0,50.0,7.0,16.0,210.0,108.0,179.0
624,2005,2560.0,1600.0,4.0,38.0,114.0,50.0,2.0,14.0,190.0,105.0,449.0
625,1997,1280.0,640.0,1.0,36.0,110.0,60.0,30.0,4.0,0.0,115.0,1699.0
626,1998,1280.0,640.0,1.0,36.0,110.0,60.0,30.0,8.0,520.0,115.0,1699.0
627,2005,2560.0,1600.0,4.0,35.0,105.0,60.0,10.0,14.0,175.0,94.0,129.0
628,2003,2560.0,1600.0,4.0,0.0,0.0,0.0,0.0,0.0,735.0,141.0,1699.0
629,2000,2240.0,1600.0,3.0,35.0,140.0,60.0,20.0,0.0,1190.0,129.0,1699.0
630,2000,1368.0,1280.0,1.0,38.0,380.0,60.0,10.0,16.0,603.0,108.0,129.0
631,2001,2560.0,1792.0,4.0,35.0,140.0,60.0,20.0,16.0,1190.0,129.0,1699.0
632,2007,3648.0,3200.0,10.0,0.0,0.0,0.0,0.0,0.0,800.0,142.0,1699.0
633,2004,3264.0,3200.0,8.0,0.0,0.0,0.0,0.0,0.0,624.0,147.0,1699.0
634,2006,3136.0,2560.0,7.0,0.0,0.0,0.0,0.0,0.0,616.0,140.0,1699.0
635,2006,3648.0,3200.0,10.0,0.0,0.0,0.0,0.0,0.0,435.0,130.0,1699.0
636,2007,3648.0,3200.0,10.0,0.0,0.0,0.0,0.0,0.0,435.0,130.0,1699.0
637,2005,3264.0,3200.0,8.0,0.0,0.0,0.0,0.0,0.0,479.0,130.0,1699.0
638,2007,3648.0,3200.0,10.0,0.0,0.0,0.0,0.0,0.0,490.0,136.0,1699.0
639,2005,2272.0,1600.0,4.0,35.0,106.0,50.0,5.0,28.0,160.0,88.0,129.0
640,2005,2560.0,1600.0,5.0,35.0,106.0,50.0,5.0,28.0,160.0,88.0,129.0
641,2006,2560.0,1600.0,5.0,38.0,106.0,50.0,2.0,28.0,160.0,88.0,129.0
642,2005,2816.0,1600.0,6.0,38.0,114.0,50.0,5.0,14.0,160.0,106.0,129.0
643,2006,2592.0,2048.0,5.0,38.0,114.0,10.0,5.0,22.0,160.0,96.0,129.0
644,2006,2816.0,2048.0,6.0,38.0,114.0,10.0,5.0,22.0,160.0,96.0,129.0
645,2006,2560.0,2048.0,5.0,32.0,96.0,50.0,6.0,9.0,175.0,90.0,129.0
646,2006,2816.0,2048.0,6.0,38.0,114.0,0.0,0.0,10.0,175.0,90.0,129.0
647,2006,2816.0,2048.0,6.0,38.0,114.0,0.0,0.0,10.0,170.0,88.0,179.0
648,2006,2816.0,2048.0,6.0,38.0,114.0,0.0,0.0,22.0,150.0,91.0,129.0
649,2006,2816.0,2048.0,6.0,28.0,140.0,0.0,0.0,24.0,195.0,98.0,129.0
650,2007,3072.0,2048.0,7.0,38.0,114.0,60.0,10.0,9.0,175.0,90.0,129.0
651,2007,3072.0,2048.0,7.0,38.0,114.0,60.0,10.0,20.0,145.0,91.0,129.0
652,2007,3072.0,2048.0,7.0,38.0,190.0,70.0,10.0,20.0,145.0,91.0,129.0
653,2007,3264.0,2048.0,8.0,38.0,105.0,60.0,10.0,20.0,155.0,94.0,129.0
654,2007,3072.0,2048.0,7.0,38.0,114.0,60.0,5.0,6.0,122.0,90.0,129.0
655,2007,3264.0,2048.0,8.0,36.0,108.0,60.0,5.0,48.0,108.0,92.0,179.0
656,2007,3072.0,2048.0,7.0,28.0,112.0,40.0,5.0,6.0,142.0,98.0,129.0
657,2007,4000.0,2048.0,12.0,35.0,105.0,60.0,10.0,48.0,115.0,94.0,129.0
658,2005,2560.0,2048.0,4.0,38.0,114.0,50.0,5.0,15.0,160.0,99.0,129.0
659,2003,2048.0,1600.0,3.0,35.0,105.0,50.0,20.0,16.0,220.0,99.0,229.0
660,2003,2272.0,2048.0,3.0,35.0,105.0,50.0,20.0,16.0,220.0,99.0,229.0
661,2005,3072.0,2592.0,7.0,38.0,114.0,20.0,5.0,32.0,230.0,100.0,449.0
662,2006,3072.0,2592.0,7.0,38.0,114.0,20.0,2.0,25.0,230.0,100.0,449.0
663,2005,3264.0,2592.0,8.0,38.0,114.0,20.0,5.0,32.0,245.0,100.0,449.0
664,2005,2816.0,2592.0,6.0,38.0,380.0,60.0,3.0,10.0,385.0,106.0,449.0
665,2006,3072.0,2560.0,7.0,38.0,380.0,60.0,3.0,0.0,410.0,106.0,449.0
666,2007,3072.0,2560.0,7.0,28.0,504.0,10.0,1.0,20.0,460.0,116.0,449.0
667,2007,3264.0,2560.0,8.0,27.0,486.0,10.0,1.0,47.0,365.0,116.0,449.0
668,2005,2816.0,2288.0,6.0,38.0,114.0,30.0,10.0,11.0,180.0,98.0,449.0
669,2006,3648.0,2560.0,10.0,35.0,105.0,60.0,10.0,0.0,195.0,97.0,229.0
670,2007,4000.0,3264.0,12.0,35.0,105.0,60.0,10.0,47.0,125.0,98.0,249.0
671,2004,2272.0,2048.0,3.0,35.0,105.0,50.0,20.0,16.0,200.0,99.0,229.0
672,2004,2560.0,2048.0,4.0,35.0,105.0,50.0,7.0,32.0,200.0,99.0,229.0
673,2005,2816.0,2560.0,6.0,35.0,105.0,50.0,7.0,8.0,195.0,97.0,229.0
674,2006,3072.0,2560.0,7.0,37.0,111.0,60.0,8.0,19.0,140.0,95.0,229.0
675,2006,3072.0,2560.0,7.0,37.0,111.0,60.0,8.0,19.0,190.0,95.0,299.0
676,2006,3072.0,2560.0,7.0,38.0,114.0,60.0,2.0,19.0,190.0,91.0,299.0
677,2006,3072.0,2560.0,7.0,38.0,114.0,50.0,7.0,22.0,190.0,96.0,229.0
678,2006,3072.0,2560.0,7.0,36.0,180.0,70.0,3.0,17.0,160.0,96.0,229.0
679,2006,3072.0,2560.0,7.0,36.0,180.0,70.0,3.0,17.0,170.0,96.0,229.0
680,2007,3072.0,2560.0,7.0,37.0,111.0,60.0,8.0,18.0,160.0,99.0,229.0
681,2007,3072.0,2560.0,7.0,38.0,114.0,50.0,7.0,18.0,195.0,92.0,299.0
682,2007,3072.0,2560.0,7.0,36.0,180.0,70.0,3.0,18.0,195.0,100.0,299.0
683,2007,3072.0,2560.0,7.0,38.0,114.0,50.0,7.0,14.0,155.0,92.0,299.0
684,2005,3264.0,2560.0,8.0,38.0,114.0,50.0,3.0,19.0,200.0,103.0,249.0
685,2006,3264.0,2560.0,8.0,35.0,105.0,60.0,10.0,28.0,185.0,97.0,249.0
686,2007,3264.0,2560.0,8.0,36.0,180.0,70.0,3.0,47.0,125.0,96.0,249.0
687,2007,3248.0,2560.0,8.0,36.0,180.0,70.0,3.0,14.0,125.0,100.0,249.0
688,2004,2272.0,2048.0,3.0,35.0,70.0,50.0,8.0,16.0,165.0,95.0,229.0
689,2005,2560.0,2048.0,4.0,35.0,70.0,50.0,8.0,16.0,165.0,95.0,299.0
690,2001,1600.0,800.0,1.0,35.0,70.0,50.0,10.0,8.0,200.0,104.0,1499.0
691,2006,2816.0,2048.0,6.0,28.0,102.0,50.0,5.0,16.0,155.0,94.0,1499.0
692,2006,3072.0,2560.0,7.0,28.0,102.0,50.0,5.0,0.0,170.0,94.0,1499.0
693,2003,2048.0,1600.0,3.0,35.0,105.0,50.0,10.0,16.0,185.0,0.0,1499.0
694,2007,2816.0,2048.0,6.0,35.0,105.0,50.0,5.0,27.0,155.0,94.0,1499.0
695,2007,4000.0,3264.0,12.0,28.0,100.0,50.0,5.0,27.0,150.0,54.0,1499.0
696,2007,3072.0,2560.0,7.0,35.0,105.0,50.0,5.0,27.0,155.0,94.0,1499.0
697,2004,2304.0,1600.0,4.0,35.0,105.0,50.0,5.0,16.0,148.0,94.0,1499.0
698,2006,2816.0,2048.0,6.0,35.0,105.0,50.0,5.0,13.0,165.0,94.0,299.0
699,2007,3072.0,2560.0,7.0,28.0,100.0,50.0,5.0,27.0,162.0,95.0,299.0
700,2007,3264.0,2560.0,8.0,28.0,100.0,50.0,5.0,27.0,154.0,95.0,299.0
701,2003,2304.0,1600.0,4.0,35.0,105.0,50.0,10.0,16.0,185.0,0.0,1499.0
702,2006,3072.0,2560.0,7.0,28.0,102.0,50.0,5.0,0.0,190.0,98.0,1499.0
703,2007,3264.0,2560.0,8.0,28.0,100.0,50.0,5.0,27.0,165.0,95.0,1499.0
704,2004,2560.0,2048.0,4.0,35.0,105.0,50.0,5.0,16.0,153.0,94.0,1499.0
705,2005,2560.0,2560.0,5.0,35.0,105.0,50.0,5.0,16.0,155.0,94.0,1499.0
706,2005,2816.0,2048.0,6.0,35.0,105.0,50.0,5.0,16.0,155.0,94.0,1499.0
707,2002,1600.0,1280.0,2.0,35.0,420.0,30.0,3.0,8.0,354.0,125.0,149.0
708,2003,2304.0,1600.0,4.0,35.0,420.0,30.0,5.0,16.0,550.0,87.0,149.0
709,2007,3264.0,2560.0,8.0,28.0,504.0,30.0,1.0,27.0,407.0,118.0,149.0
710,2003,1600.0,1280.0,2.0,35.0,420.0,30.0,5.0,0.0,350.0,114.0,149.0
711,2004,2560.0,2048.0,5.0,36.0,432.0,30.0,5.0,16.0,556.0,87.0,149.0
712,2004,2016.0,1600.0,3.0,35.0,420.0,30.0,5.0,16.0,326.0,108.0,299.0
713,2005,3264.0,2560.0,8.0,35.0,420.0,30.0,5.0,32.0,740.0,141.0,299.0
714,2005,2304.0,1600.0,4.0,35.0,420.0,50.0,5.0,8.0,326.0,102.0,149.0
715,2005,2560.0,2048.0,4.0,36.0,432.0,50.0,5.0,16.0,326.0,108.0,149.0
716,2006,3648.0,3264.0,10.0,35.0,420.0,30.0,5.0,32.0,734.0,141.0,149.0
717,2006,2816.0,2304.0,6.0,36.0,432.0,30.0,5.0,16.0,340.0,113.0,149.0
718,2007,3072.0,2560.0,7.0,36.0,432.0,30.0,5.0,27.0,340.0,113.0,149.0
719,2006,3136.0,2560.0,7.0,0.0,0.0,0.0,0.0,0.0,606.0,146.0,1499.0
720,2007,3648.0,2816.0,10.0,0.0,0.0,0.0,0.0,0.0,556.0,135.0,1499.0
721,2004,2560.0,2048.0,4.0,28.0,90.0,30.0,30.0,16.0,705.0,135.0,1499.0
722,2002,1600.0,1024.0,1.0,35.0,105.0,50.0,15.0,8.0,290.0,99.0,1499.0
723,2003,2048.0,1600.0,3.0,35.0,105.0,50.0,10.0,32.0,215.0,96.0,1499.0
724,2002,2240.0,1600.0,3.0,33.0,100.0,30.0,6.0,16.0,420.0,104.0,1499.0
725,2003,2304.0,1600.0,4.0,35.0,105.0,50.0,10.0,32.0,215.0,96.0,1499.0
726,2001,2240.0,1600.0,3.0,33.0,100.0,30.0,6.0,32.0,435.0,128.0,1499.0
727,2004,2048.0,1600.0,3.0,35.0,105.0,50.0,10.0,16.0,210.0,65.0,1499.0
728,2004,2304.0,1600.0,4.0,35.0,105.0,50.0,10.0,16.0,210.0,65.0,1499.0
729,2004,2560.0,2048.0,4.0,35.0,105.0,50.0,10.0,16.0,207.0,88.0,1499.0
730,2005,2304.0,1600.0,4.0,35.0,105.0,50.0,5.0,14.0,188.0,94.0,1499.0
731,2006,2560.0,2048.0,5.0,35.0,105.0,50.0,5.0,14.0,188.0,111.0,1499.0
732,2007,2816.0,2048.0,6.0,35.0,105.0,50.0,5.0,27.0,188.0,94.0,149.0
733,2007,3072.0,2560.0,7.0,35.0,105.0,50.0,5.0,27.0,188.0,94.0,1499.0
734,2005,3840.0,3072.0,8.0,28.0,112.0,50.0,5.0,32.0,220.0,106.0,1499.0
735,2006,4224.0,3840.0,10.0,28.0,112.0,50.0,5.0,13.0,220.0,106.0,1499.0
736,2005,2304.0,1600.0,4.0,37.0,222.0,50.0,5.0,14.0,224.0,101.0,149.0
737,2005,2560.0,2048.0,5.0,37.0,222.0,50.0,5.0,14.0,224.0,101.0,149.0
738,2006,2560.0,2048.0,5.0,37.0,222.0,50.0,5.0,14.0,230.0,100.0,149.0
739,2006,2816.0,2048.0,6.0,37.0,222.0,50.0,5.0,14.0,230.0,100.0,149.0
740,2007,3072.0,2560.0,7.0,37.0,222.0,50.0,5.0,27.0,230.0,99.0,149.0
741,2007,3072.0,2560.0,7.0,37.0,222.0,50.0,5.0,27.0,234.0,99.0,149.0
742,2006,2560.0,2048.0,4.0,35.0,350.0,40.0,5.0,13.0,250.0,112.0,299.0
743,2007,2816.0,2048.0,6.0,28.0,280.0,50.0,5.0,13.0,260.0,105.0,299.0
744,2007,3072.0,2560.0,7.0,28.0,280.0,50.0,5.0,13.0,280.0,105.0,299.0
745,2001,1280.0,640.0,1.0,42.0,42.0,60.0,30.0,8.0,240.0,105.0,509.0
746,2000,1600.0,800.0,1.0,34.0,108.0,50.0,10.0,16.0,390.0,128.0,509.0
747,2000,1600.0,800.0,1.0,34.0,108.0,50.0,10.0,16.0,630.0,144.0,509.0
748,2003,3008.0,2400.0,6.0,0.0,0.0,0.0,0.0,0.0,650.0,129.0,799.0
749,2005,3008.0,2400.0,6.0,0.0,0.0,0.0,0.0,0.0,565.0,125.0,799.0
750,2006,3008.0,2400.0,6.0,0.0,0.0,0.0,0.0,0.0,565.0,125.0,799.0
751,2004,3008.0,2400.0,6.0,0.0,0.0,0.0,0.0,0.0,605.0,125.0,799.0
752,2005,3008.0,2400.0,6.0,0.0,0.0,0.0,0.0,0.0,605.0,125.0,799.0
753,2006,3008.0,2400.0,6.0,0.0,0.0,0.0,0.0,0.0,660.0,129.0,509.0
754,2007,3008.0,2400.0,6.0,0.0,0.0,0.0,0.0,0.0,646.0,129.0,509.0
755,2006,3872.0,3008.0,10.0,0.0,0.0,0.0,0.0,0.0,793.0,142.0,799.0
756,2006,3008.0,2400.0,6.0,0.0,0.0,0.0,0.0,0.0,585.0,129.0,509.0
757,2002,1600.0,1024.0,1.0,38.0,114.0,50.0,10.0,16.0,230.0,104.0,269.0
758,2004,2048.0,1600.0,3.0,38.0,114.0,50.0,2.0,16.0,180.0,94.0,149.0
759,2001,2048.0,1024.0,3.0,37.0,111.0,40.0,14.0,16.0,240.0,92.0,269.0
760,2002,2048.0,1600.0,3.0,38.0,114.0,4.0,5.0,16.0,230.0,104.0,269.0
761,2002,2048.0,1024.0,3.0,37.0,111.0,40.0,14.0,16.0,240.0,92.0,269.0
762,2003,2048.0,1600.0,3.0,38.0,114.0,40.0,10.0,16.0,225.0,105.0,269.0
763,2003,2048.0,1600.0,3.0,38.0,114.0,40.0,10.0,12.0,225.0,109.0,269.0
764,2003,2048.0,1600.0,3.0,37.0,104.0,30.0,1.0,16.0,208.0,82.0,269.0
765,2001,2240.0,1120.0,3.0,37.0,111.0,40.0,14.0,16.0,240.0,92.0,269.0
766,2002,2240.0,1120.0,3.0,37.0,111.0,40.0,14.0,16.0,240.0,92.0,269.0
767,2004,2288.0,1600.0,3.0,37.0,104.0,30.0,1.0,16.0,200.0,82.0,269.0
768,2003,2288.0,1600.0,3.0,37.0,187.0,60.0,2.0,16.0,250.0,100.0,149.0
769,2005,2560.0,2048.0,4.0,32.0,96.0,50.0,6.0,12.0,180.0,91.0,149.0
770,2003,2592.0,2048.0,5.0,37.0,187.0,60.0,2.0,16.0,250.0,100.0,149.0
771,2003,2592.0,2048.0,5.0,37.0,187.0,60.0,2.0,16.0,250.0,100.0,149.0
772,2005,2848.0,2272.0,6.0,36.0,108.0,50.0,5.0,12.0,200.0,91.0,149.0
773,2004,3056.0,2592.0,7.0,37.0,187.0,60.0,2.0,32.0,255.0,100.0,149.0
774,2006,3264.0,2592.0,8.0,38.0,114.0,35.0,6.0,24.0,145.0,89.0,249.0
775,2006,3648.0,3072.0,10.0,38.0,114.0,35.0,6.0,22.0,145.0,89.0,149.0
776,2007,3648.0,3072.0,10.0,38.0,114.0,35.0,6.0,22.0,145.0,89.0,269.0
777,2006,2816.0,2272.0,6.0,34.0,102.0,50.0,5.0,10.0,180.0,87.0,149.0
778,2006,2816.0,2272.0,6.0,34.0,102.0,50.0,5.0,13.0,180.0,90.0,149.0
779,2007,3072.0,2592.0,7.0,36.0,108.0,50.0,15.0,11.0,190.0,95.0,149.0
780,2007,3264.0,2592.0,8.0,37.0,112.0,40.0,15.0,10.0,175.0,94.0,149.0
781,2006,2816.0,2560.0,6.0,35.0,105.0,70.0,10.0,22.0,170.0,89.0,249.0
782,2006,3072.0,2560.0,7.0,38.0,114.0,40.0,5.0,22.0,180.0,94.0,149.0
783,2007,3072.0,2592.0,7.0,38.0,114.0,40.0,10.0,22.0,120.0,97.0,269.0
784,2007,3264.0,2592.0,8.0,36.0,108.0,40.0,5.0,21.0,136.0,97.0,149.0
785,2004,2304.0,1600.0,4.0,37.0,370.0,40.0,10.0,16.0,375.0,73.0,149.0
786,2003,2048.0,1024.0,3.0,35.0,105.0,40.0,6.0,16.0,115.0,83.0,149.0
787,2007,3648.0,3072.0,10.0,38.0,114.0,35.0,6.0,22.0,116.0,86.0,249.0
788,2004,2048.0,1600.0,3.0,38.0,114.0,40.0,6.0,11.0,175.0,89.0,269.0
789,2003,2304.0,1600.0,4.0,35.0,105.0,40.0,6.0,11.0,115.0,83.0,149.0
790,2004,2304.0,1600.0,4.0,35.0,105.0,40.0,6.0,11.0,175.0,89.0,149.0
791,2005,2304.0,1600.0,4.0,35.0,107.0,40.0,6.0,11.0,155.0,89.0,149.0
792,2004,2304.0,1600.0,4.0,35.0,105.0,40.0,6.0,10.0,120.0,84.0,149.0
793,2004,2560.0,2304.0,5.0,35.0,107.0,40.0,6.0,11.0,180.0,89.0,149.0
794,2005,2560.0,2304.0,5.0,35.0,107.0,40.0,6.0,11.0,155.0,89.0,149.0
795,2004,2560.0,2048.0,4.0,36.0,107.0,40.0,6.0,10.0,120.0,84.0,149.0
796,2005,2560.0,2304.0,4.0,35.0,107.0,40.0,6.0,9.0,120.0,84.0,149.0
797,2005,2560.0,2304.0,5.0,35.0,107.0,40.0,6.0,9.0,120.0,83.0,149.0
798,2005,2816.0,2560.0,6.0,37.0,112.0,40.0,15.0,23.0,120.0,86.0,149.0
799,2005,2816.0,2560.0,6.0,35.0,106.0,40.0,6.0,11.0,135.0,89.0,149.0
800,2006,3072.0,2592.0,7.0,37.0,112.0,40.0,15.0,23.0,120.0,86.0,149.0
801,2004,2560.0,2048.0,5.0,36.0,180.0,60.0,3.0,32.0,165.0,91.0,149.0
802,2005,2560.0,2048.0,5.0,36.0,180.0,60.0,3.0,32.0,165.0,91.0,149.0
803,2006,2816.0,2592.0,6.0,37.0,112.0,40.0,15.0,12.0,155.0,95.0,249.0
804,2006,3072.0,2592.0,7.0,37.0,112.0,40.0,15.0,12.0,155.0,95.0,149.0
805,2007,3072.0,2592.0,7.0,38.0,112.0,40.0,15.0,20.0,155.0,95.0,269.0
806,2006,2816.0,2560.0,6.0,38.0,114.0,40.0,1.0,10.0,160.0,107.0,269.0
807,2006,3072.0,2560.0,7.0,38.0,114.0,40.0,1.0,21.0,150.0,107.0,269.0
808,2007,3072.0,2560.0,7.0,38.0,114.0,40.0,1.0,21.0,155.0,108.0,269.0
809,2005,2560.0,2304.0,4.0,38.0,114.0,40.0,1.0,10.0,135.0,102.0,269.0
810,2005,2816.0,2560.0,6.0,38.0,114.0,40.0,1.0,10.0,135.0,102.0,269.0
811,2004,2560.0,2048.0,5.0,36.0,107.0,40.0,6.0,14.0,145.0,112.0,149.0
812,2007,3264.0,2592.0,8.0,38.0,266.0,40.0,8.0,0.0,0.0,94.0,249.0
813,2006,3264.0,2592.0,8.0,28.0,85.0,30.0,1.0,26.0,450.0,133.0,229.0
814,2005,2560.0,2048.0,4.0,28.0,135.0,30.0,1.0,12.0,195.0,100.0,99.0
815,2005,2560.0,2048.0,4.0,28.0,135.0,30.0,1.0,28.0,195.0,100.0,99.0
816,2005,2560.0,2048.0,4.0,28.0,200.0,30.0,1.0,26.0,165.0,95.0,99.0
817,2006,2560.0,2048.0,4.0,28.0,160.0,30.0,1.0,28.0,180.0,95.0,99.0
818,2006,2816.0,2048.0,6.0,28.0,200.0,30.0,1.0,26.0,165.0,95.0,99.0
819,2006,2816.0,2048.0,6.0,28.0,160.0,30.0,1.0,26.0,165.0,95.0,199.0
820,2006,3072.0,2592.0,7.0,28.0,200.0,30.0,1.0,26.0,165.0,96.0,99.0
821,2007,3072.0,2592.0,7.0,28.0,200.0,30.0,1.0,54.0,165.0,100.0,99.0
822,2007,3264.0,3264.0,8.0,28.0,200.0,30.0,1.0,24.0,135.0,100.0,99.0
823,2005,2560.0,2048.0,4.0,32.0,96.0,30.0,1.0,12.0,190.0,91.0,399.0
824,2006,2816.0,2048.0,6.0,36.0,108.0,50.0,6.0,12.0,200.0,91.0,399.0
825,2003,2048.0,1280.0,3.0,35.0,105.0,30.0,1.0,8.0,230.0,124.0,99.0
826,2005,3264.0,2592.0,8.0,28.0,28.0,30.0,2.0,26.0,200.0,107.0,4999.0
827,2007,3648.0,3264.0,10.0,24.0,72.0,30.0,1.0,26.0,260.0,112.0,399.0
828,2005,3264.0,2592.0,8.0,28.0,85.0,30.0,1.0,26.0,260.0,114.0,99.0
829,2000,1792.0,1280.0,2.0,38.0,114.0,4.0,4.0,8.0,500.0,144.0,399.0
830,1998,1280.0,640.0,1.0,35.0,105.0,40.0,8.0,4.0,320.0,135.0,149.0
831,1999,1792.0,896.0,2.0,38.0,86.0,40.0,4.0,8.0,340.0,131.0,149.0
832,1999,1792.0,896.0,2.0,38.0,114.0,40.0,4.0,8.0,380.0,131.0,177.0
833,2000,1600.0,800.0,1.0,40.0,40.0,30.0,13.0,8.0,300.0,110.0,149.0
834,2000,2048.0,1024.0,3.0,35.0,105.0,24.0,1.0,8.0,320.0,135.0,1699.0
835,2001,2048.0,1024.0,3.0,35.0,105.0,24.0,1.0,8.0,320.0,142.0,4999.0
836,2000,2048.0,1024.0,3.0,35.0,105.0,24.0,1.0,8.0,450.0,157.0,149.0
837,2001,2272.0,1120.0,3.0,35.0,105.0,24.0,1.0,8.0,340.0,135.0,99.0
838,2004,2048.0,1280.0,3.0,28.0,100.0,30.0,1.0,8.0,215.0,112.0,99.0
839,2005,2592.0,2272.0,5.0,35.0,105.0,80.0,5.0,11.0,185.0,107.0,229.0
840,2005,2592.0,2272.0,5.0,31.0,31.0,100.0,2.0,16.0,175.0,97.0,229.0
841,2005,2592.0,2272.0,5.0,28.0,135.0,60.0,1.0,32.0,185.0,106.0,229.0
842,2002,1280.0,640.0,1.0,43.0,43.0,80.0,40.0,8.0,250.0,106.0,299.0
843,2004,1600.0,1024.0,1.0,35.0,47.0,120.0,19.0,6.0,135.0,98.0,229.0
844,2002,1600.0,1024.0,1.0,33.0,100.0,80.0,20.0,0.0,0.0,0.0,229.0
845,2004,1600.0,1024.0,1.0,35.0,76.0,80.0,15.0,6.0,210.0,107.0,229.0
846,2004,2048.0,1600.0,3.0,35.0,33.0,10.0,19.0,16.0,137.0,98.0,299.0
847,2002,2048.0,1024.0,3.0,34.0,102.0,80.0,20.0,0.0,320.0,114.0,229.0
848,2004,2048.0,1620.0,3.0,35.0,114.0,80.0,5.0,0.0,157.0,108.0,229.0
849,2004,2048.0,1600.0,4.0,35.0,33.0,10.0,19.0,16.0,137.0,98.0,299.0
850,2002,2272.0,1600.0,3.0,34.0,102.0,80.0,20.0,0.0,340.0,116.0,229.0
851,2004,2272.0,2048.0,3.0,35.0,114.0,80.0,5.0,32.0,210.0,107.0,229.0
852,2004,2592.0,2048.0,5.0,38.0,114.0,80.0,6.0,32.0,195.0,110.0,229.0
853,2003,2272.0,1120.0,3.0,38.0,114.0,80.0,6.0,0.0,210.0,106.0,229.0
854,2006,3872.0,3008.0,10.0,0.0,0.0,0.0,0.0,0.0,793.0,142.0,199.0
855,2006,3008.0,2400.0,6.0,0.0,0.0,0.0,0.0,0.0,570.0,125.0,299.0
856,2006,3008.0,2400.0,6.0,0.0,0.0,0.0,0.0,0.0,605.0,125.0,299.0
857,2005,2595.0,2272.0,5.0,39.0,117.0,50.0,5.0,50.0,155.0,90.0,229.0
858,2006,2816.0,2592.0,6.0,39.0,117.0,50.0,1.0,45.0,0.0,96.0,229.0
859,2007,3072.0,2592.0,7.0,38.0,114.0,80.0,5.0,450.0,210.0,101.0,119.0
860,2007,3072.0,2592.0,7.0,38.0,114.0,80.0,5.0,20.0,180.0,90.0,199.0
861,2007,3264.0,2592.0,8.0,36.0,108.0,80.0,5.0,173.0,0.0,95.0,149.0
862,2007,3264.0,2592.0,8.0,38.0,114.0,80.0,5.0,19.0,160.0,93.0,229.0
863,2007,3072.0,2592.0,7.0,35.0,105.0,80.0,5.0,20.0,170.0,97.0,199.0
864,2007,3072.0,2592.0,7.0,35.0,105.0,80.0,5.0,19.0,180.0,98.0,119.0
865,2007,3264.0,2592.0,7.0,38.0,114.0,80.0,10.0,16.0,183.0,95.0,99.0
866,2007,3072.0,2592.0,7.0,28.0,101.0,80.0,5.0,450.0,210.0,105.0,119.0
867,2007,3072.0,2592.0,7.0,38.0,266.0,80.0,10.0,0.0,0.0,94.0,119.0
868,2007,3264.0,2592.0,8.0,38.0,114.0,80.0,5.0,10.0,183.0,95.0,99.0
869,2006,3648.0,3136.0,10.0,35.0,105.0,80.0,4.0,20.0,190.0,97.0,229.0
870,2007,3648.0,3136.0,10.0,35.0,190.0,80.0,1.0,0.0,240.0,107.0,229.0
871,2007,3648.0,2592.0,10.0,34.0,102.0,80.0,4.0,20.0,0.0,97.0,229.0
872,2007,4000.0,2592.0,12.0,34.0,102.0,80.0,4.0,20.0,0.0,97.0,229.0
873,2006,3072.0,2816.0,7.0,38.0,114.0,80.0,1.0,15.0,155.0,95.0,229.0
874,2006,3072.0,2688.0,7.0,38.0,270.0,80.0,1.0,19.0,290.0,106.0,229.0
875,2007,3264.0,2592.0,8.0,34.0,102.0,80.0,4.0,20.0,0.0,97.0,229.0
876,2005,3264.0,2400.0,8.0,28.0,420.0,10.0,3.0,0.0,910.0,136.0,299.0
877,2007,3648.0,3476.0,10.0,35.0,105.0,80.0,4.0,45.0,220.0,100.0,199.0
878,2007,3648.0,3476.0,10.0,38.0,190.0,80.0,1.0,45.0,254.0,105.0,199.0
879,2007,2816.0,2048.0,6.0,35.0,105.0,80.0,5.0,16.0,186.0,100.0,99.0
880,2007,3072.0,2592.0,7.0,35.0,105.0,80.0,5.0,16.0,186.0,100.0,99.0
881,2007,3264.0,3072.0,8.0,35.0,105.0,80.0,4.0,45.0,220.0,100.0,99.0
882,2007,3264.0,2592.0,8.0,38.0,190.0,80.0,1.0,20.0,204.0,100.0,149.0
883,2007,3264.0,2592.0,8.0,38.0,190.0,80.0,1.0,20.0,222.0,104.0,149.0
884,2003,2048.0,2048.0,3.0,35.0,114.0,80.0,5.0,0.0,134.0,102.0,229.0
885,2004,2272.0,2048.0,4.0,35.0,105.0,80.0,5.0,0.0,169.0,102.0,229.0
886,2004,2272.0,1136.0,3.0,35.0,35.0,60.0,6.0,0.0,165.0,97.0,229.0
887,2004,2272.0,2048.0,3.0,35.0,113.0,80.0,5.0,0.0,230.0,106.0,229.0
888,2004,2592.0,2272.0,5.0,38.0,114.0,80.0,5.0,0.0,180.0,106.0,229.0
889,2004,2592.0,2272.0,5.0,35.0,113.0,80.0,5.0,256.0,230.0,106.0,229.0
890,2004,2816.0,2560.0,6.0,38.0,114.0,80.0,6.0,0.0,220.0,106.0,229.0
891,2005,3072.0,2816.0,7.0,38.0,114.0,80.0,4.0,128.0,220.0,106.0,229.0
892,2005,3264.0,2816.0,8.0,38.0,114.0,80.0,4.0,32.0,220.0,106.0,229.0
893,2001,2288.0,1600.0,3.0,35.0,98.0,50.0,10.0,16.0,340.0,106.0,429.0
894,2003,2048.0,1600.0,3.0,37.0,104.0,20.0,2.0,8.0,205.0,98.0,429.0
895,2003,2048.0,1600.0,3.0,36.0,108.0,50.0,16.0,8.0,190.0,100.0,149.0
896,2004,2048.0,1600.0,3.0,37.0,112.0,50.0,2.0,16.0,185.0,91.0,1399.0
897,2004,2288.0,1600.0,3.0,37.0,105.0,50.0,2.0,16.0,185.0,91.0,1399.0
898,2001,1600.0,640.0,1.0,35.0,98.0,50.0,10.0,8.0,340.0,106.0,429.0
899,1999,1024.0,640.0,0.0,38.0,38.0,60.0,10.0,4.0,260.0,105.0,149.0
900,1999,1280.0,640.0,1.0,34.0,102.0,80.0,20.0,4.0,350.0,128.0,149.0
901,2006,2640.0,1776.0,4.0,28.0,28.0,0.0,0.0,0.0,270.0,109.0,1599.0
902,2003,2268.0,1134.0,3.0,0.0,0.0,0.0,0.0,0.0,950.0,152.0,1599.0
903,2006,2640.0,1776.0,4.0,0.0,0.0,0.0,0.0,0.0,750.0,144.0,19.0
904,2002,2268.0,1134.0,3.0,0.0,0.0,0.0,0.0,0.0,950.0,152.0,19.0
905,1998,1024.0,640.0,0.0,37.0,518.0,80.0,3.0,1.0,950.0,140.0,1399.0
906,2000,1600.0,1600.0,1.0,37.0,370.0,80.0,3.0,8.0,980.0,125.0,1399.0
907,2001,1600.0,1024.0,1.0,39.0,117.0,50.0,3.0,8.0,620.0,144.0,1399.0
908,2002,1600.0,1280.0,1.0,41.0,123.0,50.0,3.0,6.0,610.0,138.0,1399.0
909,2001,2048.0,1600.0,3.0,34.0,102.0,50.0,4.0,8.0,620.0,144.0,1399.0
910,2003,2048.0,1632.0,3.0,41.0,123.0,50.0,10.0,1.0,522.0,132.0,1399.0
911,2002,2272.0,1600.0,3.0,34.0,102.0,50.0,4.0,6.0,640.0,138.0,1399.0
912,2003,2592.0,2048.0,5.0,34.0,102.0,50.0,4.0,1.0,606.0,139.0,1399.0
913,1998,1344.0,640.0,1.0,28.0,140.0,20.0,0.0,8.0,900.0,130.0,149.0
914,1999,1344.0,640.0,1.0,28.0,140.0,20.0,0.0,8.0,900.0,130.0,149.0
915,1999,1600.0,1024.0,1.0,38.0,190.0,80.0,8.0,4.0,475.0,107.0,149.0
916,2000,1856.0,1600.0,2.0,38.0,190.0,50.0,2.0,8.0,482.0,107.0,149.0
917,1999,1600.0,640.0,1.0,37.0,37.0,50.0,10.0,4.0,300.0,103.0,429.0
918,2000,1856.0,1600.0,2.0,37.0,37.0,25.0,10.0,8.0,280.0,103.0,429.0
919,2001,2560.0,2048.0,4.0,38.0,190.0,50.0,2.0,16.0,667.0,162.0,149.0
920,2002,2560.0,2048.0,4.0,38.0,190.0,50.0,2.0,32.0,659.0,162.0,149.0
921,2003,3264.0,2592.0,8.0,28.0,200.0,50.0,2.0,0.0,906.0,134.0,429.0
922,2004,2592.0,2048.0,5.0,38.0,114.0,50.0,8.0,32.0,202.0,98.0,429.0
923,2007,2816.0,2048.0,6.0,38.0,114.0,50.0,8.0,2.0,238.0,93.0,429.0
924,2005,2592.0,2048.0,5.0,36.0,432.0,50.0,2.0,32.0,591.0,108.0,429.0
925,2006,2816.0,2048.0,6.0,36.0,432.0,50.0,2.0,32.0,490.0,108.0,429.0
926,2007,3264.0,3264.0,8.0,38.0,380.0,50.0,2.0,31.0,264.0,106.0,429.0
927,2006,3072.0,2592.0,7.0,36.0,432.0,50.0,2.0,32.0,490.0,108.0,429.0
928,2007,3264.0,2592.0,8.0,31.0,465.0,50.0,2.0,31.0,405.0,110.0,429.0
929,2007,3264.0,2592.0,8.0,31.0,465.0,50.0,2.0,31.0,440.0,110.0,429.0
930,2004,2304.0,1280.0,4.0,32.0,96.0,12.0,12.0,16.0,152.0,95.0,429.0
931,2004,2592.0,2048.0,5.0,38.0,114.0,50.0,8.0,32.0,215.0,51.0,429.0
932,2005,2592.0,2048.0,5.0,38.0,114.0,50.0,1.0,32.0,240.0,51.0,399.0
933,2005,3264.0,2592.0,8.0,38.0,114.0,50.0,6.0,32.0,139.0,94.0,429.0
934,2006,3264.0,2592.0,10.0,38.0,114.0,50.0,6.0,32.0,139.0,94.0,399.0
935,2000,2048.0,1600.0,3.0,39.0,117.0,50.0,10.0,8.0,250.0,114.0,429.0
936,2003,2592.0,2048.0,5.0,38.0,114.0,50.0,10.0,32.0,206.0,105.0,149.0
937,2004,2592.0,2048.0,5.0,38.0,114.0,50.0,10.0,32.0,180.0,108.0,149.0
938,2004,3072.0,2592.0,7.0,38.0,114.0,50.0,6.0,32.0,180.0,108.0,149.0
939,2002,1600.0,1280.0,1.0,39.0,117.0,50.0,10.0,16.0,214.0,114.0,399.0
940,2001,1216.0,1024.0,1.0,42.0,42.0,60.0,3.0,4.0,230.0,123.0,399.0
941,2005,3072.0,2592.0,7.0,38.0,114.0,50.0,6.0,32.0,180.0,104.0,399.0
942,2001,1920.0,1600.0,2.0,36.0,36.0,25.0,10.0,8.0,194.0,113.0,429.0
943,2001,1280.0,1024.0,1.0,41.0,123.0,50.0,3.0,4.0,250.0,143.0,149.0
944,2002,1600.0,1280.0,1.0,33.0,33.0,10.0,10.0,8.0,231.0,106.0,429.0
945,2003,2048.0,1632.0,3.0,33.0,33.0,10.0,10.0,16.0,217.0,101.0,429.0
946,2004,2272.0,1600.0,3.0,33.0,33.0,10.0,10.0,16.0,180.0,106.0,429.0
947,2001,2048.0,1600.0,3.0,39.0,117.0,50.0,10.0,8.0,214.0,113.0,429.0
948,2001,1600.0,1024.0,1.0,41.0,123.0,50.0,3.0,4.0,250.0,143.0,149.0
949,2002,1600.0,1280.0,1.0,41.0,82.0,8.0,8.0,16.0,275.0,127.0,429.0
950,2003,2048.0,1632.0,3.0,41.0,82.0,8.0,8.0,16.0,280.0,123.0,429.0
951,2002,2048.0,1600.0,3.0,39.0,117.0,50.0,10.0,16.0,214.0,114.0,149.0
952,2002,2048.0,1600.0,3.0,39.0,117.0,50.0,10.0,16.0,284.0,125.0,149.0
953,2003,2048.0,1632.0,3.0,39.0,117.0,50.0,10.0,16.0,259.0,120.0,149.0
954,2004,2272.0,1600.0,3.0,39.0,117.0,50.0,10.0,16.0,243.0,116.0,149.0
955,2003,2048.0,1632.0,3.0,39.0,117.0,50.0,10.0,16.0,206.0,105.0,429.0
956,2002,2272.0,1600.0,3.0,39.0,117.0,50.0,10.0,16.0,206.0,113.0,429.0
957,2003,2592.0,2048.0,5.0,38.0,114.0,50.0,10.0,16.0,259.0,120.0,429.0
958,2004,2592.0,2048.0,5.0,38.0,114.0,50.0,10.0,32.0,236.0,117.0,429.0
959,2005,3888.0,3264.0,10.0,24.0,120.0,0.0,0.0,0.0,995.0,139.0,429.0
960,2000,1280.0,640.0,1.0,39.0,117.0,25.0,3.0,4.0,370.0,113.0,149.0
961,2005,2304.0,2048.0,4.0,32.0,96.0,0.0,0.0,32.0,184.0,99.0,149.0
962,2000,1600.0,1280.0,1.0,39.0,117.0,25.0,3.0,4.0,370.0,113.0,149.0
963,2005,2304.0,2048.0,4.0,39.0,117.0,50.0,10.0,32.0,249.0,97.0,149.0
964,2006,2816.0,2048.0,6.0,31.0,93.0,12.0,0.0,32.0,180.0,100.0,149.0
965,2007,3072.0,2592.0,7.0,35.0,105.0,35.0,5.0,24.0,178.0,91.0,149.0
966,2000,2048.0,1600.0,3.0,34.0,102.0,25.0,4.0,8.0,420.0,117.0,149.0
967,2007,3072.0,2592.0,7.0,35.0,105.0,35.0,5.0,24.0,178.0,91.0,149.0
968,2001,2048.0,1600.0,3.0,34.0,102.0,50.0,4.0,8.0,444.0,125.0,149.0
969,2007,3264.0,2592.0,8.0,37.0,222.0,50.0,2.0,54.0,245.0,93.0,149.0
970,2001,2272.0,1600.0,3.0,34.0,102.0,50.0,4.0,16.0,444.0,125.0,149.0
971,2005,2304.0,2048.0,4.0,39.0,117.0,50.0,10.0,32.0,253.0,97.0,149.0
972,2003,2592.0,2048.0,5.0,38.0,114.0,25.0,1.0,32.0,180.0,91.0,399.0
973,2006,3072.0,2592.0,7.0,38.0,114.0,50.0,1.0,56.0,168.0,90.0,399.0
974,2007,3264.0,2592.0,8.0,35.0,175.0,50.0,1.0,31.0,197.0,92.0,399.0
975,2004,2592.0,2048.0,5.0,38.0,114.0,50.0,8.0,32.0,186.0,103.0,399.0
976,2007,3264.0,2592.0,8.0,38.0,114.0,50.0,1.0,31.0,197.0,90.0,399.0
977,2007,3264.0,3264.0,8.0,35.0,175.0,50.0,1.0,31.0,160.0,94.0,399.0
978,2004,2592.0,2048.0,5.0,38.0,114.0,50.0,8.0,32.0,186.0,90.0,399.0
979,2006,3072.0,2592.0,7.0,38.0,114.0,50.0,1.0,58.0,172.0,95.0,399.0
980,2005,2592.0,2048.0,5.0,38.0,114.0,50.0,8.0,32.0,150.0,99.0,399.0
981,2005,2592.0,2048.0,5.0,38.0,114.0,50.0,8.0,32.0,139.0,94.0,399.0
982,2006,3072.0,2592.0,7.0,38.0,114.0,50.0,1.0,58.0,170.0,95.0,399.0
983,2005,2592.0,2048.0,5.0,38.0,114.0,50.0,8.0,32.0,134.0,92.0,149.0
984,2005,2816.0,2048.0,6.0,38.0,114.0,50.0,1.0,32.0,185.0,90.0,429.0
985,2002,1280.0,640.0,1.0,33.0,33.0,10.0,10.0,8.0,118.0,85.0,149.0
986,2002,1632.0,640.0,2.0,33.0,33.0,10.0,10.0,8.0,118.0,85.0,399.0
987,2003,1632.0,640.0,2.0,33.0,33.0,10.0,10.0,8.0,130.0,85.0,149.0
988,2003,1632.0,640.0,2.0,33.0,33.0,10.0,10.0,8.0,130.0,83.0,149.0
989,2003,1632.0,640.0,2.0,33.0,33.0,10.0,10.0,8.0,132.0,100.0,149.0
990,2003,1632.0,640.0,2.0,33.0,33.0,10.0,10.0,8.0,200.0,60.0,149.0
991,2003,2592.0,2048.0,5.0,34.0,136.0,40.0,10.0,32.0,298.0,99.0,429.0
992,2004,3072.0,2592.0,7.0,34.0,136.0,40.0,10.0,0.0,390.0,120.0,429.0
993,2004,2592.0,2048.0,5.0,38.0,114.0,50.0,6.0,32.0,250.0,91.0,429.0
994,2006,3264.0,2592.0,8.0,38.0,114.0,50.0,6.0,64.0,192.0,94.0,149.0
995,2007,4000.0,3264.0,12.0,35.0,105.0,34.0,5.0,31.0,195.0,91.0,399.0
996,2006,2816.0,2048.0,6.0,38.0,114.0,50.0,2.0,32.0,153.0,90.0,149.0
997,2007,3072.0,2592.0,7.0,38.0,114.0,30.0,2.0,56.0,149.0,90.0,429.0
998,2005,2592.0,2048.0,5.0,38.0,114.0,50.0,6.0,32.0,250.0,91.0,429.0
999,2006,2816.0,2048.0,6.0,38.0,114.0,50.0,2.0,32.0,157.0,89.0,149.0
1000,2007,3072.0,2592.0,7.0,38.0,114.0,30.0,2.0,56.0,147.0,90.0,429.0
1001,2005,3072.0,2592.0,7.0,38.0,114.0,50.0,6.0,32.0,250.0,91.0,149.0
1002,2006,3072.0,2592.0,7.0,38.0,114.0,50.0,2.0,58.0,157.0,89.0,149.0
1003,2007,3072.0,2592.0,7.0,35.0,105.0,50.0,4.0,31.0,175.0,91.0,149.0
1004,2007,3254.0,2592.0,8.0,35.0,105.0,50.0,4.0,31.0,175.0,91.0,429.0
1005,2006,3872.0,3896.0,10.0,0.0,0.0,0.0,0.0,0.0,638.0,133.0,599.0
1006,2007,4272.0,3104.0,12.0,0.0,0.0,0.0,0.0,0.0,768.0,142.0,599.0
1007,2002,1280.0,1024.0,1.0,37.0,111.0,0.0,0.0,1.0,0.0,0.0,1399.0
1008,2002,1600.0,1024.0,1.0,37.0,111.0,19.0,3.0,1.0,520.0,142.0,1399.0
1009,1998,640.0,320.0,0.0,40.0,400.0,1.0,1.0,1.0,500.0,138.0,1399.0
1010,1999,640.0,320.0,0.0,40.0,400.0,1.0,1.0,1.0,500.0,138.0,1399.0
1011,2001,640.0,320.0,0.0,40.0,400.0,1.0,1.0,1.0,580.0,138.0,1399.0
1012,1998,1024.0,640.0,0.0,37.0,111.0,1.0,1.0,1.0,580.0,140.0,1399.0
1013,1999,1024.0,640.0,0.0,37.0,111.0,1.0,1.0,1.0,580.0,142.0,1399.0
1014,2000,1280.0,1280.0,1.0,37.0,111.0,1.0,1.0,1.0,0.0,0.0,1399.0
1015,2001,1280.0,1024.0,1.0,39.0,117.0,25.0,3.0,1.0,630.0,143.0,1399.0
1016,1999,1280.0,1024.0,1.0,34.0,270.0,4.0,4.0,1.0,600.0,142.0,1399.0
1017,2000,1280.0,1280.0,1.0,34.0,270.0,4.0,4.0,1.0,0.0,0.0,1399.0
1018,2001,1472.0,1280.0,1.0,41.0,328.0,25.0,3.0,1.0,660.0,126.0,1399.0
1019,2000,1600.0,1600.0,1.0,37.0,370.0,80.0,3.0,1.0,900.0,0.0,1399.0
1020,2001,1600.0,1024.0,1.0,39.0,390.0,25.0,2.0,1.0,990.0,126.0,1399.0
1021,2002,2048.0,1024.0,3.0,35.0,105.0,55.0,12.0,8.0,205.0,91.0,177.0
1022,2002,2048.0,1024.0,3.0,35.0,100.0,80.0,10.0,8.0,320.0,116.0,177.0
1023,2003,2400.0,1200.0,3.0,35.0,100.0,80.0,10.0,16.0,0.0,0.0,599.0
1024,2003,2560.0,2048.0,4.0,35.0,105.0,80.0,10.0,16.0,230.0,93.0,177.0
1025,1998,1280.0,640.0,1.0,35.0,35.0,50.0,9.0,4.0,290.0,123.0,62.0
1026,2001,1280.0,640.0,1.0,52.0,52.0,90.0,0.0,8.0,240.0,116.0,62.0
1027,2001,1600.0,800.0,1.0,39.0,39.0,50.0,0.0,8.0,240.0,116.0,177.0
1028,2001,1729.0,896.0,2.0,38.0,114.0,40.0,8.0,8.0,320.0,105.0,177.0
1029,1999,1280.0,640.0,1.0,38.0,115.0,90.0,25.0,4.0,380.0,122.0,62.0
1030,1999,1600.0,800.0,1.0,40.0,40.0,50.0,10.0,8.0,290.0,112.0,62.0
1031,1999,1600.0,800.0,1.0,40.0,120.0,90.0,25.0,8.0,350.0,130.0,62.0
1032,2000,1792.0,896.0,2.0,38.0,86.0,50.0,5.0,4.0,320.0,121.0,449.0
1033,2001,1792.0,896.0,2.0,38.0,114.0,50.0,5.0,8.0,310.0,123.0,62.0
1034,2001,2048.0,1024.0,3.0,38.0,114.0,10.0,10.0,8.0,320.0,120.0,62.0
1035,2000,2048.0,1024.0,3.0,35.0,105.0,80.0,9.0,16.0,390.0,116.0,62.0
1036,2001,2048.0,1024.0,3.0,35.0,98.0,80.0,10.0,8.0,340.0,107.0,62.0
1037,2001,2400.0,1200.0,3.0,35.0,98.0,80.0,10.0,16.0,340.0,107.0,62.0
1038,2002,1600.0,800.0,1.0,38.0,38.0,40.0,20.0,8.0,180.0,86.0,129.0
